timestamp,elapsed_time,ball_x,ball_y,target_x,target_y,error_x,error_y,error_magnitude,controller_rx,controller_ry,tilt_magnitude,loop_time_ms
13:45:09.192,0.017,88.231,-6.521,0.000,0.000,88.231,-6.521,88.472,-0.452,-8.895,8.907,
13:45:09.210,0.034,85.400,-6.333,0.000,0.000,85.400,-6.333,85.635,-0.409,-7.937,7.947,
13:45:09.227,0.052,82.891,-6.719,0.000,0.000,82.891,-6.719,83.162,-0.561,-7.154,7.176,
13:45:09.248,0.072,81.572,-6.031,0.000,0.000,81.572,-6.031,81.795,-0.341,-6.824,6.833,
13:45:09.262,0.087,81.220,-5.516,0.000,0.000,81.220,-5.516,81.407,-0.194,-6.839,6.842,
13:45:09.280,0.104,80.735,-5.660,0.000,0.000,80.735,-5.660,80.933,-0.278,-6.804,6.810,
13:45:09.297,0.122,78.907,-5.440,0.000,0.000,78.907,-5.440,79.094,-0.233,-6.317,6.322,
13:45:09.315,0.139,80.036,-5.163,0.000,0.000,80.036,-5.163,80.202,-0.171,-6.854,6.856,
13:45:09.332,0.156,89.455,-5.005,0.000,0.000,89.455,-5.005,89.595,-0.153,-10.134,10.135,
13:45:09.349,0.174,87.244,-4.916,0.000,0.000,87.244,-4.916,87.382,-0.157,-9.272,9.273,
13:45:09.367,0.192,84.994,-4.873,0.000,0.000,84.994,-4.873,85.134,-0.177,-8.461,8.463,
13:45:09.384,0.209,89.749,-5.369,0.000,0.000,89.749,-5.369,89.909,-0.374,-10.063,10.070,
13:45:09.402,0.226,94.605,-5.260,0.000,0.000,94.605,-5.260,94.751,-0.354,-11.585,11.591,
13:45:09.419,0.243,95.602,-5.211,0.000,0.000,95.602,-5.211,95.744,-0.355,-11.708,11.713,
13:45:09.437,0.261,99.131,-5.133,0.000,0.000,99.131,-5.133,99.264,-0.345,-12.679,12.684,
13:45:09.454,0.279,101.887,-5.084,0.000,0.000,101.887,-5.084,102.014,-0.345,-13.328,13.333,
13:45:09.472,0.297,96.041,-4.521,0.000,0.000,96.041,-4.521,96.147,-0.172,-11.050,11.051,
13:45:09.490,0.314,92.485,-4.127,0.000,0.000,92.485,-4.127,92.577,-0.068,-9.711,9.711,
13:45:09.507,0.332,97.222,-2.853,0.000,0.000,97.222,-2.853,97.264,0.326,-11.256,11.261,
13:45:09.525,0.349,101.303,-1.430,0.000,0.000,101.303,-1.430,101.313,0.742,-12.474,12.496,
13:45:09.542,0.366,103.403,0.067,0.000,0.000,103.403,0.067,103.403,1.157,-12.945,12.997,
13:45:09.559,0.384,103.709,0.950,0.000,0.000,103.709,0.950,103.713,1.339,-12.787,12.857,
13:45:09.577,0.401,105.572,0.882,0.000,0.000,105.572,0.882,105.576,1.192,-13.172,13.226,
13:45:09.594,0.418,105.902,0.822,0.000,0.000,105.902,0.822,105.905,1.061,-13.021,13.064,
13:45:09.611,0.436,106.348,1.256,0.000,0.000,106.348,1.256,106.355,1.109,-12.928,12.975,
13:45:09.629,0.453,106.020,1.500,0.000,0.000,106.020,1.500,106.031,1.092,-12.588,12.636,
13:45:09.646,0.471,106.053,1.105,0.000,0.000,106.053,1.105,106.059,0.866,-12.401,12.431,
13:45:09.663,0.488,106.409,0.743,0.000,0.000,106.409,0.743,106.412,0.669,-12.341,12.359,
13:45:09.680,0.505,105.357,0.720,0.000,0.000,105.357,0.720,105.359,0.601,-11.817,11.833,
13:45:09.698,0.523,105.722,0.983,0.000,0.000,105.722,0.983,105.726,0.637,-11.812,11.829,
13:45:09.715,0.540,106.227,1.690,0.000,0.000,106.227,1.690,106.240,0.820,-11.858,11.886,
13:45:09.732,0.557,105.973,2.136,0.000,0.000,105.973,2.136,105.995,0.905,-11.649,11.684,
13:45:09.750,0.575,105.274,1.907,0.000,0.000,105.274,1.907,105.291,0.759,-11.309,11.334,
13:45:09.767,0.592,103.859,1.195,0.000,0.000,103.859,1.195,103.865,0.463,-10.755,10.765,
13:45:09.789,0.614,103.254,1.141,0.000,0.000,103.254,1.141,103.261,0.410,-10.515,10.523,
13:45:09.803,0.628,103.751,0.610,0.000,0.000,103.751,0.610,103.753,0.203,-10.663,10.665,
13:45:09.820,0.645,103.785,0.222,0.000,0.000,103.785,0.222,103.785,0.058,-10.646,10.646,
13:45:09.838,0.662,102.262,-0.063,0.000,0.000,102.262,-0.063,102.262,-0.042,-10.107,10.107,
13:45:09.855,0.680,102.871,-0.172,0.000,0.000,102.871,-0.172,102.871,-0.074,-10.324,10.324,
13:45:09.873,0.697,102.550,-0.231,0.000,0.000,102.550,-0.231,102.550,-0.089,-10.212,10.213,
13:45:09.897,0.721,102.718,-0.253,0.000,0.000,102.718,-0.253,102.719,-0.090,-10.273,10.274,
13:45:09.911,0.735,102.819,-0.247,0.000,0.000,102.819,-0.247,102.819,-0.081,-10.307,10.307,
13:45:09.928,0.752,102.464,-0.220,0.000,0.000,102.464,-0.220,102.465,-0.066,-10.185,10.185,
13:45:09.946,0.770,102.216,-1.186,0.000,0.000,102.216,-1.186,102.223,-0.386,-10.108,10.115,
13:45:09.963,0.787,102.498,-1.400,0.000,0.000,102.498,-1.400,102.508,-0.432,-10.214,10.223,
13:45:09.980,0.805,101.882,-2.014,0.000,0.000,101.882,-2.014,101.902,-0.609,-10.010,10.029,
13:45:09.997,0.822,100.415,-2.350,0.000,0.000,100.415,-2.350,100.442,-0.681,-9.535,9.560,
13:45:10.015,0.839,102.002,-1.960,0.000,0.000,102.002,-1.960,102.021,-0.505,-10.119,10.132,
13:45:10.032,0.857,102.233,-1.732,0.000,0.000,102.233,-1.732,102.247,-0.398,-10.205,10.213,
13:45:10.049,0.874,102.284,-1.568,0.000,0.000,102.284,-1.568,102.296,-0.320,-10.224,10.229,
13:45:10.066,0.891,102.266,-1.442,0.000,0.000,102.266,-1.442,102.276,-0.261,-10.218,10.222,
13:45:10.083,0.908,101.793,-0.842,0.000,0.000,101.793,-0.842,101.797,-0.048,-10.060,10.060,
13:45:10.101,0.925,101.434,-0.395,0.000,0.000,101.434,-0.395,101.435,0.098,-9.952,9.952,
13:45:10.118,0.942,100.011,-0.140,0.000,0.000,100.011,-0.140,100.011,0.170,-9.493,9.494,
13:45:10.136,0.960,101.259,-0.596,0.000,0.000,101.259,-0.596,101.261,-0.001,-9.963,9.963,
13:45:10.153,0.978,101.799,-0.853,0.000,0.000,101.799,-0.853,101.802,-0.093,-10.160,10.161,
13:45:10.171,0.995,94.248,-1.024,0.000,0.000,94.248,-1.024,94.253,-0.150,-7.625,7.627,
13:45:10.188,1.013,95.977,-0.632,0.000,0.000,95.977,-0.632,95.979,-0.014,-8.386,8.386,
13:45:10.205,1.030,97.488,-0.841,0.000,0.000,97.488,-0.841,97.492,-0.089,-9.015,9.016,
13:45:10.223,1.048,96.026,-0.835,0.000,0.000,96.026,-0.835,96.030,-0.086,-8.597,8.598,
13:45:10.241,1.065,99.296,-1.056,0.000,0.000,99.296,-1.056,99.302,-0.160,-9.796,9.798,
13:45:10.258,1.083,98.445,-1.097,0.000,0.000,98.445,-1.097,98.451,-0.169,-9.524,9.525,
13:45:10.276,1.100,90.021,-1.214,0.000,0.000,90.021,-1.214,90.029,-0.202,-6.725,6.728,
13:45:10.293,1.118,85.231,-1.858,0.000,0.000,85.231,-1.858,85.251,-0.410,-5.344,5.359,
13:45:10.310,1.135,82.731,-1.714,0.000,0.000,82.731,-1.714,82.749,-0.340,-4.822,4.834,
13:45:10.328,1.153,89.210,-3.127,0.000,0.000,89.210,-3.127,89.265,-0.798,-7.344,7.387,
13:45:10.346,1.170,93.869,-2.634,0.000,0.000,93.869,-2.634,93.906,-0.583,-9.067,9.086,
13:45:10.363,1.187,96.981,-2.696,0.000,0.000,96.981,-2.696,97.019,-0.572,-10.145,10.161,
13:45:10.380,1.205,99.618,-2.207,0.000,0.000,99.618,-2.207,99.643,-0.378,-10.986,10.992,
13:45:10.397,1.222,100.300,-2.154,0.000,0.000,100.300,-2.154,100.324,-0.344,-11.113,11.118,
13:45:10.415,1.239,91.104,-2.983,0.000,0.000,91.104,-2.983,91.152,-0.610,-7.914,7.938,
13:45:10.433,1.257,94.746,-2.293,0.000,0.000,94.746,-2.293,94.774,-0.347,-9.258,9.264,
13:45:10.450,1.275,98.006,-1.829,0.000,0.000,98.006,-1.829,98.023,-0.179,-10.375,10.376,
13:45:10.467,1.292,100.236,-1.505,0.000,0.000,100.236,-1.505,100.248,-0.071,-11.067,11.067,
13:45:10.485,1.309,102.605,-1.287,0.000,0.000,102.605,-1.287,102.613,-0.005,-11.758,11.758,
13:45:10.502,1.326,103.755,-0.650,0.000,0.000,103.755,-0.650,103.757,0.196,-11.995,11.997,
13:45:10.519,1.343,103.841,-0.331,0.000,0.000,103.841,-0.331,103.842,0.277,-11.862,11.865,
13:45:10.536,1.361,103.849,-0.009,0.000,0.000,103.849,-0.009,103.849,0.355,-11.717,11.722,
13:45:10.554,1.378,103.659,0.736,0.000,0.000,103.659,0.736,103.662,0.569,-11.520,11.534,
13:45:10.572,1.396,104.287,1.723,0.000,0.000,104.287,1.723,104.302,0.851,-11.616,11.647,
13:45:10.589,1.413,104.165,2.365,0.000,0.000,104.165,2.365,104.191,0.999,-11.456,11.499,
13:45:10.607,1.431,103.973,2.755,0.000,0.000,103.973,2.755,104.009,1.054,-11.287,11.336,
13:45:10.624,1.448,103.766,2.455,0.000,0.000,103.766,2.455,103.795,0.875,-11.129,11.163,
13:45:10.641,1.465,96.190,2.643,0.000,0.000,96.190,2.643,96.226,0.875,-8.508,8.553,
13:45:10.658,1.483,93.062,2.846,0.000,0.000,93.062,2.846,93.106,0.883,-7.568,7.619,
13:45:10.676,1.501,97.042,2.134,0.000,0.000,97.042,2.134,97.065,0.584,-9.079,9.098,
13:45:10.694,1.518,98.633,1.725,0.000,0.000,98.633,1.725,98.648,0.409,-9.676,9.685,
13:45:10.712,1.536,100.079,0.923,0.000,0.000,100.079,0.923,100.084,0.116,-10.181,10.182,
13:45:10.729,1.553,92.653,-0.655,0.000,0.000,92.653,-0.655,92.655,-0.416,-7.668,7.680,
13:45:10.746,1.571,87.589,-1.775,0.000,0.000,87.589,-1.775,87.607,-0.758,-6.127,6.173,
13:45:10.766,1.590,83.984,-2.497,0.000,0.000,83.984,-2.497,84.021,-0.942,-5.179,5.264,
13:45:10.783,1.608,82.224,-3.522,0.000,0.000,82.224,-3.522,82.299,-1.218,-4.909,5.058,
13:45:10.801,1.625,89.067,-4.645,0.000,0.000,89.067,-4.645,89.189,-1.508,-7.540,7.689,
13:45:10.817,1.642,87.760,-5.440,0.000,0.000,87.760,-5.440,87.929,-1.671,-7.237,7.428,
13:45:10.835,1.660,84.567,-6.970,0.000,0.000,84.567,-6.970,84.854,-2.072,-6.318,6.650,
13:45:10.852,1.677,82.238,-8.916,0.000,0.000,82.238,-8.916,82.720,-2.589,-5.750,6.305,
13:45:10.871,1.695,80.755,-8.480,0.000,0.000,80.755,-8.480,81.199,-2.272,-5.499,5.950,
13:45:10.889,1.713,80.291,-8.536,0.000,0.000,80.291,-8.536,80.744,-2.149,-5.601,5.999,
13:45:10.906,1.731,80.150,-7.951,0.000,0.000,80.150,-7.951,80.544,-1.823,-5.796,6.076,
13:45:10.924,1.748,79.801,-6.910,0.000,0.000,79.801,-6.910,80.100,-1.370,-5.901,6.058,
13:45:10.941,1.765,86.223,-6.576,0.000,0.000,86.223,-6.576,86.473,-1.190,-8.266,8.352,
13:45:10.958,1.782,86.435,-6.289,0.000,0.000,86.435,-6.289,86.663,-1.041,-8.373,8.437,
13:45:10.975,1.800,83.569,-8.798,0.000,0.000,83.569,-8.798,84.031,-1.842,-7.437,7.662,
13:45:10.992,1.817,81.846,-8.456,0.000,0.000,81.846,-8.456,82.282,-1.631,-6.950,7.139,
13:45:11.010,1.834,80.662,-8.186,0.000,0.000,80.662,-8.186,81.076,-1.462,-6.676,6.834,
13:45:11.027,1.851,80.285,-7.447,0.000,0.000,80.285,-7.447,80.629,-1.149,-6.688,6.786,
13:45:11.044,1.869,79.643,-6.379,0.000,0.000,79.643,-6.379,79.898,-0.750,-6.607,6.649,
13:45:11.061,1.886,87.501,-5.593,0.000,0.000,87.501,-5.593,87.679,-0.475,-9.382,9.394,
13:45:11.078,1.903,88.130,-5.018,0.000,0.000,88.130,-5.018,88.273,-0.290,-9.531,9.535,
13:45:11.096,1.920,84.597,-4.779,0.000,0.000,84.597,-4.779,84.732,-0.231,-8.272,8.275,
13:45:11.113,1.937,82.479,-4.642,0.000,0.000,82.479,-4.642,82.609,-0.210,-7.579,7.582,
13:45:11.130,1.954,81.476,-4.581,0.000,0.000,81.476,-4.581,81.605,-0.215,-7.309,7.312,
13:45:11.148,1.972,88.749,-5.603,0.000,0.000,88.749,-5.603,88.926,-0.582,-9.837,9.854,
13:45:11.165,1.989,87.164,-4.883,0.000,0.000,87.164,-4.883,87.301,-0.338,-9.208,9.214,
13:45:11.182,2.007,85.314,-3.836,0.000,0.000,85.314,-3.836,85.400,-0.001,-8.537,8.537,
13:45:11.200,2.024,84.289,-3.405,0.000,0.000,84.289,-3.405,84.358,0.105,-8.192,8.193,
13:45:11.218,2.042,92.636,-2.110,0.000,0.000,92.636,-2.110,92.660,0.496,-11.020,11.031,
13:45:11.235,2.059,88.735,-1.964,0.000,0.000,88.735,-1.964,88.756,0.474,-9.534,9.546,
13:45:11.252,2.077,85.983,-1.916,0.000,0.000,85.983,-1.916,86.004,0.423,-8.543,8.554,
13:45:11.270,2.094,83.953,-1.431,0.000,0.000,83.953,-1.431,83.965,0.525,-7.867,7.884,
13:45:11.288,2.112,90.351,-2.139,0.000,0.000,90.351,-2.139,90.376,0.220,-10.069,10.072,
13:45:11.308,2.132,88.311,-2.736,0.000,0.000,88.311,-2.736,88.353,-0.024,-9.280,9.280,
13:45:11.326,2.150,94.424,-2.705,0.000,0.000,94.424,-2.705,94.463,-0.039,-11.289,11.290,
13:45:11.343,2.168,98.577,-2.672,0.000,0.000,98.577,-2.672,98.613,-0.051,-12.500,12.500,
13:45:11.361,2.185,93.599,-2.138,0.000,0.000,93.599,-2.138,93.624,0.107,-10.563,10.564,
13:45:11.378,2.202,92.855,-2.022,0.000,0.000,92.855,-2.022,92.877,0.114,-10.193,10.194,
13:45:11.396,2.220,98.078,-1.588,0.000,0.000,98.078,-1.588,98.091,0.228,-11.857,11.859,
13:45:11.415,2.240,92.407,-3.631,0.000,0.000,92.407,-3.631,92.478,-0.497,-9.747,9.759,
13:45:11.432,2.256,96.339,-3.375,0.000,0.000,96.339,-3.375,96.398,-0.398,-11.017,11.024,
13:45:11.449,2.273,91.562,-2.643,0.000,0.000,91.562,-2.643,91.600,-0.146,-9.274,9.275,
13:45:11.466,2.290,95.348,-2.580,0.000,0.000,95.348,-2.580,95.383,-0.136,-10.534,10.535,
13:45:11.483,2.308,91.777,-2.536,0.000,0.000,91.777,-2.536,91.812,-0.134,-9.234,9.235,
13:45:11.501,2.325,95.090,-2.509,0.000,0.000,95.090,-2.509,95.123,-0.137,-10.342,10.343,
13:45:11.525,2.349,94.273,-2.455,0.000,0.000,94.273,-2.455,94.305,-0.130,-9.984,9.985,
13:45:11.542,2.367,98.740,-1.827,0.000,0.000,98.740,-1.827,98.757,0.070,-11.429,11.429,
13:45:11.560,2.384,92.652,-0.335,0.000,0.000,92.652,-0.335,92.653,0.546,-9.228,9.244,
13:45:11.577,2.401,90.833,0.146,0.000,0.000,90.833,0.146,90.833,0.649,-8.621,8.645,
13:45:11.594,2.419,86.340,1.635,0.000,0.000,86.340,1.635,86.356,1.086,-7.157,7.239,
13:45:11.612,2.436,83.293,3.568,0.000,0.000,83.293,3.568,83.369,1.643,-6.281,6.493,
13:45:11.632,2.456,80.458,2.091,0.000,0.000,80.458,2.091,80.486,1.018,-5.534,5.627,
13:45:11.649,2.473,76.903,0.426,0.000,0.000,76.903,0.426,76.904,0.378,-4.590,4.606,
13:45:11.666,2.491,73.735,-0.857,0.000,0.000,73.735,-0.857,73.740,-0.086,-3.836,3.837,
13:45:11.683,2.508,70.904,-2.806,0.000,0.000,70.904,-2.806,70.959,-0.741,-3.238,3.322,
13:45:11.701,2.526,67.915,-3.707,0.000,0.000,67.915,-3.707,68.017,-0.998,-2.619,2.803,
13:45:11.718,2.543,64.462,-4.523,0.000,0.000,64.462,-4.523,64.621,-1.210,-1.876,2.232,
13:45:11.743,2.567,110.701,-42.437,0.000,0.000,110.701,-42.437,118.556,-9.198,-11.849,15.000,
13:45:11.761,2.585,138.243,-59.975,0.000,0.000,138.243,-59.975,150.692,-8.692,-12.225,15.000,
13:45:11.778,2.602,111.228,-45.110,0.000,0.000,111.228,-45.110,120.028,-9.210,-11.840,15.000,
13:45:11.796,2.620,89.978,-33.436,0.000,0.000,89.978,-33.436,95.990,-7.804,-8.467,11.514,
13:45:11.813,2.638,71.668,-26.129,0.000,0.000,71.668,-26.129,76.282,-4.902,-2.367,5.444,
13:45:11.830,2.655,56.103,-20.436,0.000,0.000,56.103,-20.436,59.709,-2.761,2.383,3.647,
13:45:11.848,2.672,43.197,-16.281,0.000,0.000,43.197,-16.281,46.163,-1.293,5.920,6.059,
13:45:11.866,2.690,33.126,-13.494,0.000,0.000,33.126,-13.494,35.769,-0.390,8.279,8.288,
13:45:11.883,2.708,25.387,-12.839,0.000,0.000,25.387,-12.839,28.449,-0.266,9.720,9.724,
13:45:11.900,2.724,16.227,-10.322,0.000,0.000,16.227,-10.322,19.231,0.478,11.572,11.582,
13:45:11.918,2.742,13.768,-12.298,0.000,0.000,13.768,-12.298,18.461,-0.337,11.079,11.084,
13:45:11.935,2.760,10.621,-13.972,0.000,0.000,10.621,-13.972,17.550,-0.988,10.891,10.936,
13:45:11.953,2.777,8.288,-15.666,0.000,0.000,8.288,-15.666,17.724,-1.599,10.479,10.601,
13:45:11.972,2.796,6.113,-17.431,0.000,0.000,6.113,-17.431,18.471,-2.188,10.080,10.314,
13:45:11.989,2.813,3.565,-18.730,0.000,0.000,3.565,-18.730,19.066,-2.580,9.866,10.198,
13:45:12.006,2.830,1.077,-19.138,0.000,0.000,1.077,-19.138,19.169,-2.647,9.680,10.036,
13:45:12.023,2.848,-0.585,-19.846,0.000,0.000,-0.585,-19.846,19.855,-2.811,9.260,9.677,
13:45:12.041,2.865,-2.561,-19.284,0.000,0.000,-2.561,-19.284,19.454,-2.540,9.004,9.355,
13:45:12.058,2.883,-4.434,-19.313,0.000,0.000,-4.434,-19.313,19.815,-2.488,8.758,9.105,
13:45:12.079,2.903,-5.784,-19.876,0.000,0.000,-5.784,-19.876,20.700,-2.622,8.380,8.781,
13:45:12.097,2.921,-6.389,-20.147,0.000,0.000,-6.389,-20.147,21.136,-2.650,7.803,8.241,
13:45:12.114,2.938,-7.016,-19.746,0.000,0.000,-7.016,-19.746,20.955,-2.451,7.298,7.698,
13:45:12.131,2.955,-7.227,-19.417,0.000,0.000,-7.227,-19.417,20.719,-2.293,6.709,7.090,
13:45:12.148,2.973,-8.048,-18.651,0.000,0.000,-8.048,-18.651,20.313,-2.001,6.386,6.692,
13:45:12.166,2.990,-8.501,-18.075,0.000,0.000,-8.501,-18.075,19.974,-1.793,5.980,6.243,
13:45:12.183,3.007,-8.696,-17.673,0.000,0.000,-8.696,-17.673,19.697,-1.660,5.533,5.776,
13:45:12.200,3.024,-8.289,-16.917,0.000,0.000,-8.289,-16.917,18.838,-1.416,4.930,5.129,
13:45:12.217,3.042,-7.980,-16.254,0.000,0.000,-7.980,-16.254,18.107,-1.221,4.416,4.581,
13:45:12.235,3.059,-8.206,-16.098,0.000,0.000,-8.206,-16.098,18.069,-1.209,4.130,4.303,
13:45:12.251,3.076,-7.271,-14.850,0.000,0.000,-7.271,-14.850,16.535,-0.830,3.485,3.582,
13:45:12.269,3.094,-6.622,-14.591,0.000,0.000,-6.622,-14.591,16.024,-0.809,2.991,3.098,
13:45:12.286,3.111,-5.287,-13.964,0.000,0.000,-5.287,-13.964,14.931,-0.663,2.310,2.403,
13:45:12.304,3.128,-4.351,-13.075,0.000,0.000,-4.351,-13.075,13.780,-0.437,1.817,1.869,
13:45:12.321,3.145,-2.879,-11.994,0.000,0.000,-2.879,-11.994,12.335,-0.161,1.184,1.195,
13:45:12.338,3.162,-1.679,-11.138,0.000,0.000,-1.679,-11.138,11.263,0.023,0.691,0.692,
13:45:12.356,3.180,-0.781,-10.253,0.000,0.000,-0.781,-10.253,10.283,0.206,0.337,0.395,
13:45:12.373,3.197,0.221,-9.763,0.000,0.000,0.221,-9.763,9.766,0.248,-0.025,0.249,
13:45:12.392,3.217,1.261,-8.443,0.000,0.000,1.261,-8.443,8.536,0.569,-0.375,0.681,
13:45:12.410,3.235,2.760,-7.087,0.000,0.000,2.760,-7.087,7.606,0.883,-0.853,1.228,
13:45:12.428,3.252,4.146,-6.217,0.000,0.000,4.146,-6.217,7.473,1.016,-1.261,1.620,
13:45:12.445,3.270,5.868,-5.219,0.000,0.000,5.868,-5.219,7.853,1.188,-1.755,2.119,
13:45:12.463,3.287,6.967,-3.617,0.000,0.000,6.967,-3.617,7.850,1.555,-2.007,2.539,
13:45:12.480,3.304,8.169,-2.567,0.000,0.000,8.169,-2.567,8.563,1.716,-2.281,2.854,
13:45:12.500,3.324,9.082,-2.070,0.000,0.000,9.082,-2.070,9.315,1.686,-2.441,2.967,
13:45:12.517,3.342,10.539,-1.823,0.000,0.000,10.539,-1.823,10.696,1.580,-2.777,3.195,
13:45:12.535,3.359,11.376,-1.214,0.000,0.000,11.376,-1.214,11.440,1.608,-2.886,3.304,
13:45:12.552,3.376,12.693,-0.369,0.000,0.000,12.693,-0.369,12.698,1.719,-3.154,3.592,
13:45:12.569,3.394,13.490,0.146,0.000,0.000,13.490,0.146,13.491,1.716,-3.233,3.660,
13:45:12.586,3.411,14.335,0.414,0.000,0.000,14.335,0.414,14.341,1.636,-3.328,3.709,
13:45:12.609,3.433,15.230,1.009,0.000,0.000,15.230,1.009,15.264,1.677,-3.440,3.827,
13:45:12.625,3.449,15.741,1.366,0.000,0.000,15.741,1.366,15.801,1.639,-3.420,3.792,
13:45:12.642,3.467,15.532,2.048,0.000,0.000,15.532,2.048,15.667,1.718,-3.165,3.601,
13:45:12.659,3.484,15.776,2.431,0.000,0.000,15.776,2.431,15.962,1.695,-3.086,3.521,
13:45:12.677,3.501,16.842,2.659,0.000,0.000,16.842,2.659,17.050,1.627,-3.293,3.673,
13:45:12.694,3.519,17.382,3.328,0.000,0.000,17.382,3.328,17.697,1.715,-3.314,3.731,
13:45:12.718,3.543,17.657,3.716,0.000,0.000,17.657,3.716,18.044,1.708,-3.249,3.670,
13:45:12.736,3.560,17.769,3.927,0.000,0.000,17.769,3.927,18.198,1.645,-3.138,3.543,
13:45:12.753,3.577,16.466,4.017,0.000,0.000,16.466,4.017,16.949,1.550,-2.564,2.996,
13:45:12.770,3.594,15.861,3.524,0.000,0.000,15.861,3.524,16.248,1.269,-2.269,2.600,
13:45:12.787,3.612,15.414,3.104,0.000,0.000,15.414,3.104,15.723,1.037,-2.050,2.298,
13:45:12.804,3.629,15.110,2.774,0.000,0.000,15.110,2.774,15.363,0.853,-1.898,2.080,
13:45:12.825,3.649,14.553,2.518,0.000,0.000,14.553,2.518,14.769,0.710,-1.672,1.816,
13:45:12.842,3.667,13.609,1.749,0.000,0.000,13.609,1.749,13.721,0.405,-1.333,1.393,
13:45:12.859,3.684,12.872,1.336,0.000,0.000,12.872,1.336,12.941,0.244,-1.088,1.115,
13:45:12.877,3.702,10.915,1.115,0.000,0.000,10.915,1.115,10.972,0.158,-0.450,0.477,
13:45:12.895,3.719,10.419,0.392,0.000,0.000,10.419,0.392,10.426,-0.089,-0.348,0.359,
13:45:12.912,3.736,10.140,-0.042,0.000,0.000,10.140,-0.042,10.140,-0.222,-0.324,0.393,
13:45:12.934,3.758,9.142,-1.321,0.000,0.000,9.142,-1.321,9.237,-0.630,-0.057,0.633,
13:45:12.948,3.773,7.635,-2.197,0.000,0.000,7.635,-2.197,7.945,-0.875,0.363,0.947,
13:45:12.965,3.790,6.627,-3.253,0.000,0.000,6.627,-3.253,7.382,-1.164,0.589,1.305,
13:45:12.982,3.807,5.153,-4.437,0.000,0.000,5.153,-4.437,6.800,-1.478,0.960,1.762,
13:45:13.000,3.824,4.199,-5.704,0.000,0.000,4.199,-5.704,7.083,-1.800,1.133,2.127,
13:45:13.016,3.841,3.160,-6.589,0.000,0.000,3.160,-6.589,7.308,-1.975,1.327,2.379,
13:45:13.034,3.859,2.185,-7.550,0.000,0.000,2.185,-7.550,7.860,-2.166,1.490,2.629,
13:45:13.053,3.877,0.678,-8.621,0.000,0.000,0.678,-8.621,8.647,-2.385,1.825,3.003,
13:45:13.070,3.894,-0.670,-9.226,0.000,0.000,-0.670,-9.226,9.250,-2.436,2.089,3.209,
13:45:13.088,3.912,-1.921,-10.038,0.000,0.000,-1.921,-10.038,10.220,-2.557,2.307,3.444,
13:45:13.106,3.930,-3.540,-10.504,0.000,0.000,-3.540,-10.504,11.084,-2.558,2.639,3.676,
13:45:13.123,3.947,-5.433,-10.715,0.000,0.000,-5.433,-10.715,12.014,-2.479,3.047,3.928,
13:45:13.140,3.964,-6.656,-11.088,0.000,0.000,-6.656,-11.088,12.933,-2.463,3.208,4.044,
13:45:13.158,3.983,-7.207,-11.450,0.000,0.000,-7.207,-11.450,13.529,-2.449,3.138,3.981,
13:45:13.175,4.000,-7.459,-12.181,0.000,0.000,-7.459,-12.181,14.283,-2.564,2.981,3.932,
13:45:13.193,4.017,-8.430,-13.126,0.000,0.000,-8.430,-13.126,15.600,-2.748,3.084,4.131,
13:45:13.210,4.035,-9.878,-13.205,0.000,0.000,-9.878,-13.205,16.491,-2.630,3.347,4.257,
13:45:13.228,4.052,-10.802,-13.672,0.000,0.000,-10.802,-13.672,17.424,-2.656,3.421,4.331,
13:45:13.245,4.070,-11.763,-13.945,0.000,0.000,-11.763,-13.945,18.244,-2.619,3.510,4.380,
13:45:13.262,4.087,-12.761,-14.075,0.000,0.000,-12.761,-14.075,18.998,-2.540,3.612,4.416,
13:45:13.280,4.104,-13.355,-14.106,0.000,0.000,-13.355,-14.106,19.425,-2.438,3.578,4.329,
13:45:13.297,4.121,-13.874,-14.081,0.000,0.000,-13.874,-14.081,19.767,-2.327,3.528,4.226,
13:45:13.315,4.139,-14.909,-14.027,0.000,0.000,-14.909,-14.027,20.470,-2.216,3.662,4.280,
13:45:13.332,4.156,-15.424,-13.958,0.000,0.000,-15.424,-13.958,20.803,-2.112,3.618,4.189,
13:45:13.349,4.174,-15.667,-13.886,0.000,0.000,-15.667,-13.886,20.935,-2.016,3.492,4.032,
13:45:13.367,4.192,-15.737,-13.817,0.000,0.000,-15.737,-13.817,20.942,-1.930,3.323,3.843,
13:45:13.385,4.209,-15.697,-13.761,0.000,0.000,-15.697,-13.761,20.875,-1.857,3.135,3.643,
13:45:13.402,4.226,-15.596,-13.721,0.000,0.000,-15.596,-13.721,20.773,-1.795,2.944,3.448,
13:45:13.419,4.244,-15.446,-13.456,0.000,0.000,-15.446,-13.456,20.486,-1.664,2.755,3.219,
13:45:13.437,4.261,-15.361,-13.612,0.000,0.000,-15.361,-13.612,20.524,-1.684,2.605,3.102,
13:45:13.454,4.279,-15.268,-13.671,0.000,0.000,-15.268,-13.671,20.495,-1.672,2.468,2.981,
13:45:13.472,4.296,-15.181,-13.697,0.000,0.000,-15.181,-13.697,20.447,-1.650,2.344,2.867,
13:45:13.489,4.314,-15.109,-13.198,0.000,0.000,-15.109,-13.198,20.061,-1.454,2.237,2.668,
13:45:13.507,4.331,-15.057,-12.831,0.000,0.000,-15.057,-12.831,19.782,-1.317,2.147,2.519,
13:45:13.524,4.348,-15.026,-12.578,0.000,0.000,-15.026,-12.578,19.596,-1.229,2.073,2.410,
13:45:13.541,4.366,-15.015,-11.919,0.000,0.000,-15.015,-11.919,19.171,-1.011,2.012,2.252,
13:45:13.559,4.383,-14.704,-11.423,0.000,0.000,-14.704,-11.423,18.620,-0.862,1.856,2.047,
13:45:13.581,4.406,-14.931,-11.210,0.000,0.000,-14.931,-11.210,18.671,-0.818,1.894,2.063,
13:45:13.596,4.420,-14.039,-11.078,0.000,0.000,-14.039,-11.078,17.883,-0.804,1.554,1.750,
13:45:13.614,4.438,-13.447,-10.477,0.000,0.000,-13.447,-10.477,17.047,-0.633,1.340,1.482,
13:45:13.631,4.456,-13.053,-9.573,0.000,0.000,-13.053,-9.573,16.187,-0.371,1.208,1.264,
13:45:13.648,4.473,-12.811,-8.961,0.000,0.000,-12.811,-8.961,15.634,-0.224,1.137,1.158,
13:45:13.666,4.490,-11.817,-8.582,0.000,0.000,-11.817,-8.582,14.604,-0.163,0.817,0.833,
13:45:13.684,4.509,-11.122,-7.881,0.000,0.000,-11.122,-7.881,13.631,0.003,0.620,0.620,
13:45:13.701,4.526,-10.681,-6.930,0.000,0.000,-10.681,-6.930,12.732,0.243,0.521,0.575,
13:45:13.718,4.543,-10.029,-6.241,0.000,0.000,-10.029,-6.241,11.812,0.381,0.357,0.522,
13:45:13.736,4.560,-9.106,-5.985,0.000,0.000,-9.106,-5.985,10.896,0.366,0.111,0.383,
13:45:13.753,4.578,-8.589,-5.849,0.000,0.000,-8.589,-5.849,10.392,0.315,0.017,0.316,
13:45:13.771,4.595,-8.298,-5.273,0.000,0.000,-8.298,-5.273,9.831,0.419,0.004,0.419,
13:45:13.788,4.612,-8.606,-5.432,0.000,0.000,-8.606,-5.432,10.177,0.271,0.190,0.331,
13:45:13.806,4.630,-7.600,-5.114,0.000,0.000,-7.600,-5.114,9.160,0.296,-0.081,0.307,
13:45:13.823,4.647,-6.897,-4.425,0.000,0.000,-6.897,-4.425,8.194,0.447,-0.233,0.504,
13:45:13.840,4.664,-6.319,-4.031,0.000,0.000,-6.319,-4.031,7.496,0.491,-0.335,0.594,
13:45:13.858,4.682,-6.205,-3.745,0.000,0.000,-6.205,-3.745,7.248,0.497,-0.276,0.569,
13:45:13.875,4.700,-5.160,-3.595,0.000,0.000,-5.160,-3.595,6.289,0.461,-0.538,0.708,
13:45:13.892,4.717,-4.517,-3.528,0.000,0.000,-4.517,-3.528,5.732,0.401,-0.649,0.763,
13:45:13.911,4.735,-4.135,-3.518,0.000,0.000,-4.135,-3.518,5.429,0.329,-0.667,0.744,
13:45:13.928,4.753,-3.067,-3.546,0.000,0.000,-3.067,-3.546,4.688,0.252,-0.918,0.952,
13:45:13.946,4.770,-2.352,-3.596,0.000,0.000,-2.352,-3.596,4.297,0.174,-1.036,1.050,
13:45:13.963,4.788,-1.920,-3.654,0.000,0.000,-1.920,-3.654,4.128,0.101,-1.054,1.058,
13:45:13.980,4.805,-1.705,-3.710,0.000,0.000,-1.705,-3.710,4.083,0.036,-1.001,1.002,
13:45:13.997,4.822,-1.272,-3.707,0.000,0.000,-1.272,-3.707,3.919,-0.004,-1.029,1.030,
13:45:14.016,4.840,-1.556,-3.772,0.000,0.000,-1.556,-3.772,4.080,-0.062,-0.819,0.821,
13:45:14.033,4.858,-1.730,-3.808,0.000,0.000,-1.730,-3.808,4.182,-0.106,-0.663,0.671,
13:45:14.050,4.875,-1.410,-2.769,0.000,0.000,-1.410,-2.769,3.107,0.216,-0.687,0.720,
13:45:14.068,4.892,-0.765,-2.548,0.000,0.000,-0.765,-2.548,2.660,0.241,-0.820,0.855,
13:45:14.085,4.910,-0.322,-1.914,0.000,0.000,-0.322,-1.914,1.941,0.404,-0.880,0.968,
13:45:14.103,4.927,-0.037,-1.475,0.000,0.000,-0.037,-1.475,1.476,0.492,-0.884,1.012,
13:45:14.123,4.948,0.124,-1.197,0.000,0.000,0.124,-1.197,1.203,0.522,-0.849,0.997,
13:45:14.141,4.965,0.194,-1.044,0.000,0.000,0.194,-1.044,1.062,0.509,-0.789,0.939,
13:45:14.158,4.982,0.333,-0.793,0.000,0.000,0.333,-0.793,0.860,0.532,-0.759,0.927,
13:45:14.176,5.000,0.220,-0.925,0.000,0.000,0.220,-0.925,0.951,0.426,-0.649,0.776,
13:45:14.193,5.018,0.145,-0.436,0.000,0.000,0.145,-0.436,0.460,0.539,-0.561,0.778,
13:45:14.210,5.035,0.083,-0.136,0.000,0.000,0.083,-0.136,0.159,0.581,-0.485,0.757,
13:45:14.230,5.055,0.030,0.044,0.000,0.000,0.030,0.044,0.053,0.582,-0.420,0.718,
13:45:14.248,5.072,0.422,0.139,0.000,0.000,0.422,0.139,0.445,0.557,-0.510,0.755,
13:45:14.265,5.090,-0.152,0.174,0.000,0.000,-0.152,0.174,0.231,0.514,-0.270,0.581,
13:45:14.282,5.107,-0.167,0.670,0.000,0.000,-0.167,0.670,0.690,0.631,-0.237,0.674,
13:45:14.299,5.124,-0.272,0.854,0.000,0.000,-0.272,0.854,0.896,0.636,-0.176,0.660,
13:45:14.317,5.141,-0.188,1.152,0.000,0.000,-0.188,1.152,1.167,0.681,-0.184,0.706,
13:45:14.334,5.159,-0.144,1.306,0.000,0.000,-0.144,1.306,1.314,0.677,-0.178,0.700,
13:45:14.352,5.176,-0.115,1.914,0.000,0.000,-0.115,1.914,1.917,0.826,-0.169,0.843,
13:45:14.369,5.194,-0.092,1.802,0.000,0.000,-0.092,1.802,1.804,0.725,-0.159,0.742,
13:45:14.387,5.212,-0.073,1.171,0.000,0.000,-0.073,1.171,1.173,0.458,-0.148,0.482,
13:45:14.404,5.229,-0.058,1.168,0.000,0.000,-0.058,1.168,1.169,0.423,-0.138,0.445,
13:45:14.422,5.246,-0.046,0.667,0.000,0.000,-0.046,0.667,0.668,0.224,-0.127,0.258,
13:45:14.439,5.263,-0.060,0.478,0.000,0.000,-0.060,0.478,0.482,0.145,-0.109,0.182,
13:45:14.456,5.280,-0.038,0.139,0.000,0.000,-0.038,0.139,0.144,0.022,-0.105,0.107,
13:45:14.473,5.298,-1.511,-0.622,0.000,0.000,-1.511,-0.622,1.634,-0.235,0.400,0.464,
13:45:14.491,5.315,-2.463,-1.100,0.000,0.000,-2.463,-1.100,2.698,-0.378,0.695,0.792,
13:45:14.508,5.333,-2.646,-1.396,0.000,0.000,-2.646,-1.396,2.992,-0.451,0.712,0.843,
13:45:14.526,5.350,-2.708,-1.558,0.000,0.000,-2.708,-1.558,3.125,-0.474,0.688,0.836,
13:45:14.543,5.368,-2.993,-1.845,0.000,0.000,-2.993,-1.845,3.516,-0.539,0.742,0.917,
13:45:14.561,5.385,-2.727,-1.691,0.000,0.000,-2.727,-1.691,3.208,-0.452,0.608,0.758,
13:45:14.578,5.402,-2.849,-1.851,0.000,0.000,-2.849,-1.851,3.398,-0.477,0.616,0.779,
13:45:14.595,5.420,-2.544,-1.599,0.000,0.000,-2.544,-1.599,3.005,-0.363,0.480,0.602,
13:45:14.612,5.437,-2.393,-2.067,0.000,0.000,-2.393,-2.067,3.162,-0.500,0.407,0.645,
13:45:14.630,5.454,-2.292,-2.881,0.000,0.000,-2.292,-2.881,3.681,-0.744,0.356,0.825,
13:45:14.651,5.476,-2.219,-3.423,0.000,0.000,-2.219,-3.423,4.079,-0.881,0.319,0.937,
13:45:14.667,5.491,-2.168,-4.277,0.000,0.000,-2.168,-4.277,4.795,-1.114,0.292,1.152,
13:45:14.684,5.508,-2.136,-4.858,0.000,0.000,-2.136,-4.858,5.307,-1.240,0.274,1.270,
13:45:14.701,5.526,-2.119,-4.712,0.000,0.000,-2.119,-4.712,5.167,-1.116,0.262,1.146,
13:45:14.718,5.543,-2.046,-4.958,0.000,0.000,-2.046,-4.958,5.364,-1.134,0.233,1.158,
13:45:14.735,5.560,-2.094,-5.143,0.000,0.000,-2.094,-5.143,5.553,-1.132,0.246,1.159,
13:45:14.758,5.582,-1.126,-5.226,0.000,0.000,-1.126,-5.226,5.346,-1.099,-0.083,1.102,
13:45:14.775,5.600,-1.420,-5.781,0.000,0.000,-1.420,-5.781,5.953,-1.227,0.035,1.228,
13:45:14.793,5.617,-1.656,-6.138,0.000,0.000,-1.656,-6.138,6.358,-1.283,0.125,1.289,
13:45:14.810,5.634,-0.972,-5.851,0.000,0.000,-0.972,-5.851,5.931,-1.119,-0.100,1.124,
13:45:14.827,5.651,-0.465,-6.087,0.000,0.000,-0.465,-6.087,6.105,-1.145,-0.251,1.172,
13:45:14.844,5.669,-0.115,-6.240,0.000,0.000,-0.115,-6.240,6.241,-1.143,-0.339,1.192,
13:45:14.865,5.689,0.105,-6.829,0.000,0.000,0.105,-6.829,6.830,-1.289,-0.378,1.343,
13:45:14.881,5.706,0.222,-6.746,0.000,0.000,0.222,-6.746,6.749,-1.200,-0.380,1.259,
13:45:14.898,5.723,0.437,-6.796,0.000,0.000,0.437,-6.796,6.810,-1.164,-0.417,1.237,
13:45:14.916,5.741,0.314,-6.598,0.000,0.000,0.314,-6.598,6.606,-1.050,-0.338,1.103,
13:45:14.933,5.758,0.239,-6.470,0.000,0.000,0.239,-6.470,6.474,-0.967,-0.282,1.008,
13:45:14.950,5.775,0.177,-6.903,0.000,0.000,0.177,-6.903,6.905,-1.081,-0.236,1.106,
13:45:14.969,5.794,0.123,-7.201,0.000,0.000,0.123,-7.201,7.202,-1.142,-0.196,1.159,
13:45:14.985,5.810,0.075,-7.402,0.000,0.000,0.075,-7.402,7.403,-1.168,-0.161,1.179,
13:45:15.003,5.827,0.036,-7.530,0.000,0.000,0.036,-7.530,7.530,-1.168,-0.133,1.175,
13:45:15.020,5.845,0.005,-7.600,0.000,0.000,0.005,-7.600,7.600,-1.150,-0.109,1.155,
13:45:15.037,5.861,-0.026,-7.599,0.000,0.000,-0.026,-7.599,7.599,-1.111,-0.088,1.114,
13:45:15.055,5.879,-0.030,-7.620,0.000,0.000,-0.030,-7.620,7.620,-1.082,-0.078,1.085,
13:45:15.072,5.897,-0.033,-7.614,0.000,0.000,-0.033,-7.614,7.614,-1.048,-0.068,1.050,
13:45:15.090,5.914,-0.035,-7.594,0.000,0.000,-0.035,-7.594,7.594,-1.013,-0.061,1.015,
13:45:15.107,5.931,-0.035,-7.569,0.000,0.000,-0.035,-7.569,7.569,-0.979,-0.054,0.981,
13:45:15.124,5.949,-0.033,-7.545,0.000,0.000,-0.033,-7.545,7.545,-0.949,-0.049,0.950,
13:45:15.142,5.966,-0.030,-7.525,0.000,0.000,-0.030,-7.525,7.525,-0.923,-0.045,0.924,
13:45:15.158,5.983,-0.042,-7.404,0.000,0.000,-0.042,-7.404,7.404,-0.865,-0.036,0.866,
13:45:15.176,6.001,-0.027,-7.468,0.000,0.000,-0.027,-7.468,7.468,-0.874,-0.037,0.875,
13:45:15.194,6.018,-0.020,-7.490,0.000,0.000,-0.020,-7.490,7.490,-0.869,-0.036,0.870,
13:45:15.211,6.036,-0.015,-7.497,0.000,0.000,-0.015,-7.497,7.497,-0.859,-0.033,0.860,
13:45:15.229,6.053,-0.012,-6.987,0.000,0.000,-0.012,-6.987,6.987,-0.677,-0.031,0.677,
13:45:15.246,6.071,-0.009,-7.116,0.000,0.000,-0.009,-7.116,7.116,-0.722,-0.029,0.723,
13:45:15.263,6.088,-0.008,-7.233,0.000,0.000,-0.008,-7.233,7.233,-0.761,-0.026,0.761,
13:45:15.280,6.105,-0.006,-6.832,0.000,0.000,-0.006,-6.832,6.832,-0.622,-0.024,0.623,
13:45:15.300,6.125,-0.009,-6.622,0.000,0.000,-0.009,-6.622,6.622,-0.558,-0.021,0.558,
13:45:15.318,6.143,-0.006,-6.394,0.000,0.000,-0.006,-6.394,6.394,-0.491,-0.019,0.492,
13:45:15.336,6.160,-0.005,-6.258,0.000,0.000,-0.005,-6.258,6.258,-0.461,-0.018,0.461,
13:45:15.353,6.178,-0.004,-6.177,0.000,0.000,-0.004,-6.177,6.177,-0.450,-0.016,0.450,
13:45:15.370,6.195,-0.004,-6.136,0.000,0.000,-0.004,-6.136,6.136,-0.453,-0.015,0.453,
13:45:15.388,6.212,-0.003,-6.125,0.000,0.000,-0.003,-6.125,6.125,-0.465,-0.013,0.465,
13:45:15.406,6.230,-0.003,-6.135,0.000,0.000,-0.003,-6.135,6.135,-0.483,-0.012,0.484,
13:45:15.422,6.247,-0.003,-6.157,0.000,0.000,-0.003,-6.157,6.157,-0.504,-0.011,0.504,
13:45:15.440,6.264,-0.005,-6.050,0.000,0.000,-0.005,-6.050,6.050,-0.479,-0.009,0.479,
13:45:15.457,6.282,-0.003,-6.166,0.000,0.000,-0.003,-6.166,6.166,-0.531,-0.009,0.531,
13:45:15.474,6.299,-0.003,-6.222,0.000,0.000,-0.003,-6.222,6.222,-0.558,-0.008,0.558,
13:45:15.492,6.316,-0.002,-6.254,0.000,0.000,-0.002,-6.254,6.254,-0.575,-0.007,0.575,
13:45:15.513,6.338,-0.002,-6.274,0.000,0.000,-0.002,-6.274,6.274,-0.587,-0.007,0.587,
13:45:15.526,6.351,-0.002,-6.286,0.000,0.000,-0.002,-6.286,6.286,-0.595,-0.006,0.595,
13:45:15.544,6.368,-0.002,-6.292,0.000,0.000,-0.002,-6.292,6.292,-0.600,-0.005,0.601,
13:45:15.561,6.385,-0.002,-6.295,0.000,0.000,-0.002,-6.295,6.295,-0.604,-0.005,0.604,
13:45:15.578,6.402,-0.002,-6.233,0.000,0.000,-0.002,-6.233,6.233,-0.586,-0.004,0.586,
13:45:15.595,6.420,-0.002,-6.276,0.000,0.000,-0.002,-6.276,6.276,-0.604,-0.004,0.604,
13:45:15.613,6.437,-0.001,-5.719,0.000,0.000,-0.001,-5.719,5.719,-0.419,-0.004,0.419,
13:45:15.630,6.454,-0.001,-5.884,0.000,0.000,-0.001,-5.884,5.884,-0.490,-0.003,0.490,
13:45:15.647,6.472,-0.001,-6.012,0.000,0.000,-0.001,-6.012,6.012,-0.543,-0.003,0.543,
13:45:15.665,6.489,-0.001,-6.114,0.000,0.000,-0.001,-6.114,6.114,-0.583,-0.003,0.583,
13:45:15.682,6.507,-0.001,-6.191,0.000,0.000,-0.001,-6.191,6.191,-0.612,-0.003,0.612,
13:45:15.699,6.523,-0.001,-6.153,0.000,0.000,-0.001,-6.153,6.153,-0.600,-0.002,0.600,
13:45:15.717,6.541,-0.001,-6.248,0.000,0.000,-0.001,-6.248,6.248,-0.633,-0.002,0.633,
13:45:15.734,6.558,-0.001,-6.291,0.000,0.000,-0.001,-6.291,6.291,-0.647,-0.002,0.647,
13:45:15.751,6.576,-0.001,-6.311,0.000,0.000,-0.001,-6.311,6.311,-0.652,-0.002,0.652,
13:45:15.768,6.593,-0.000,-6.317,0.000,0.000,-0.000,-6.317,6.317,-0.652,-0.002,0.652,
13:45:15.786,6.611,-0.000,-6.316,0.000,0.000,-0.000,-6.316,6.316,-0.649,-0.001,0.649,
13:45:15.803,6.628,-0.000,-6.812,0.000,0.000,-0.000,-6.812,6.812,-0.814,-0.001,0.814,
13:45:15.821,6.645,-0.001,-6.869,0.000,0.000,-0.001,-6.869,6.869,-0.820,-0.001,0.820,
13:45:15.838,6.663,-0.000,-7.295,0.000,0.000,-0.000,-7.295,7.295,-0.950,-0.001,0.950,
13:45:15.856,6.680,0.494,-7.518,0.000,0.000,0.494,-7.518,7.534,-1.003,-0.167,1.016,
13:45:15.873,6.697,0.354,-7.109,0.000,0.000,0.354,-7.109,7.118,-0.840,-0.108,0.847,
13:45:15.890,6.715,0.241,-7.306,0.000,0.000,0.241,-7.306,7.310,-0.893,-0.063,0.896,
13:45:15.907,6.732,0.151,-7.441,0.000,0.000,0.151,-7.441,7.443,-0.923,-0.029,0.923,
13:45:15.924,6.749,0.515,-7.529,0.000,0.000,0.515,-7.529,7.547,-0.934,-0.150,0.946,
13:45:15.942,6.766,0.358,-7.580,0.000,0.000,0.358,-7.580,7.588,-0.933,-0.087,0.937,
13:45:15.959,6.783,0.371,-7.557,0.000,0.000,0.371,-7.557,7.566,-0.908,-0.086,0.912,
13:45:15.976,6.801,0.187,-7.592,0.000,0.000,0.187,-7.592,7.594,-0.904,-0.020,0.905,
13:45:15.994,6.819,0.084,-7.596,0.000,0.000,0.084,-7.596,7.596,-0.891,0.015,0.892,
13:45:16.011,6.836,0.019,-7.587,0.000,0.000,0.019,-7.587,7.587,-0.875,0.035,0.876,
13:45:16.028,6.853,-0.021,-7.572,0.000,0.000,-0.021,-7.572,7.572,-0.858,0.044,0.860,
13:45:16.046,6.871,-0.043,-7.052,0.000,0.000,-0.043,-7.052,7.052,-0.674,0.048,0.675,
13:45:16.064,6.888,-0.052,-7.161,0.000,0.000,-0.052,-7.161,7.161,-0.714,0.046,0.715,
13:45:16.081,6.905,-0.051,-7.265,0.000,0.000,-0.051,-7.265,7.265,-0.749,0.042,0.750,
13:45:16.098,6.922,-0.074,-7.148,0.000,0.000,-0.074,-7.148,7.148,-0.707,0.046,0.709,
13:45:16.115,6.940,-0.047,-7.348,0.000,0.000,-0.047,-7.348,7.348,-0.775,0.033,0.776,
13:45:16.133,6.957,-0.031,-6.876,0.000,0.000,-0.031,-6.876,6.876,-0.613,0.025,0.613,
13:45:16.151,6.975,-0.020,-6.563,0.000,0.000,-0.020,-6.563,6.563,-0.515,0.019,0.515,
13:45:16.168,6.993,-0.011,-6.353,0.000,0.000,-0.011,-6.353,6.353,-0.458,0.014,0.458,
13:45:16.186,7.010,-0.005,-6.219,0.000,0.000,-0.005,-6.219,6.219,-0.431,0.011,0.431,
13:45:16.202,7.027,0.000,-6.648,0.000,0.000,0.000,-6.648,6.648,-0.594,0.008,0.594,
13:45:16.219,7.044,0.005,-6.563,0.000,0.000,0.005,-6.563,6.563,-0.573,0.006,0.573,
13:45:16.237,7.062,0.005,-6.427,0.000,0.000,0.005,-6.427,6.427,-0.535,0.005,0.535,
13:45:16.256,7.080,0.005,-6.342,0.000,0.000,0.005,-6.342,6.342,-0.518,0.004,0.518,
13:45:16.272,7.096,0.464,-6.285,0.000,0.000,0.464,-6.285,6.303,-0.510,-0.150,0.532,
13:45:16.289,7.113,-0.100,-6.762,0.000,0.000,-0.100,-6.762,6.763,-0.682,0.049,0.684,
13:45:16.306,7.130,0.343,-7.119,0.000,0.000,0.343,-7.119,7.127,-0.802,-0.103,0.808,
13:45:16.323,7.148,-0.186,-7.375,0.000,0.000,-0.186,-7.375,7.377,-0.879,0.081,0.882,
13:45:16.341,7.165,-0.162,-7.043,0.000,0.000,-0.162,-7.043,7.045,-0.753,0.067,0.756,
13:45:16.358,7.182,-0.216,-7.001,0.000,0.000,-0.216,-7.001,7.005,-0.734,0.080,0.738,
