time,rx_deg,ry_deg,ball_x_mm,ball_y_mm,ball_detected,s0,s1,s2,s3,s4,s5
0.020837783813476562,0.0,0.0,-12.183544303797467,-16.625,True,3.1805546814635168e-15,7.951386703658792e-15,9.54166404439055e-15,1.5107634736951704e-14,1.2722218725854067e-14,1.033680271475643e-14
0.07274031639099121,0.0,0.0,-11.075949367088606,-16.625,True,3.1805546814635168e-15,7.951386703658792e-15,9.54166404439055e-15,1.5107634736951704e-14,1.2722218725854067e-14,1.033680271475643e-14
0.1245112419128418,0.0,0.0,-12.183544303797467,-16.625,True,3.1805546814635168e-15,7.951386703658792e-15,9.54166404439055e-15,1.5107634736951704e-14,1.2722218725854067e-14,1.033680271475643e-14
0.17591452598571777,0.0,0.0,-12.183544303797467,-16.625,True,3.1805546814635168e-15,7.951386703658792e-15,9.54166404439055e-15,1.5107634736951704e-14,1.2722218725854067e-14,1.033680271475643e-14
0.2280716896057129,0.0,0.0,-11.075949367088606,-16.625,True,3.1805546814635168e-15,7.951386703658792e-15,9.54166404439055e-15,1.5107634736951704e-14,1.2722218725854067e-14,1.033680271475643e-14
0.28017473220825195,0.0,0.0,-11.075949367088606,-16.625,True,3.1805546814635168e-15,7.951386703658792e-15,9.54166404439055e-15,1.5107634736951704e-14,1.2722218725854067e-14,1.033680271475643e-14
0.3319690227508545,0.0,0.0,-11.075949367088606,-16.625,True,3.1805546814635168e-15,7.951386703658792e-15,9.54166404439055e-15,1.5107634736951704e-14,1.2722218725854067e-14,1.033680271475643e-14
0.383803129196167,0.0,0.0,-12.183544303797467,-16.625,True,3.1805546814635168e-15,7.951386703658792e-15,9.54166404439055e-15,1.5107634736951704e-14,1.2722218725854067e-14,1.033680271475643e-14
0.4358084201812744,0.0,0.0,-11.075949367088606,-16.625,True,3.1805546814635168e-15,7.951386703658792e-15,9.54166404439055e-15,1.5107634736951704e-14,1.2722218725854067e-14,1.033680271475643e-14
0.48761463165283203,0.0,0.0,-12.183544303797467,-16.625,True,3.1805546814635168e-15,7.951386703658792e-15,9.54166404439055e-15,1.5107634736951704e-14,1.2722218725854067e-14,1.033680271475643e-14
0.5393385887145996,0.0,0.0,-12.183544303797467,-16.625,True,3.1805546814635168e-15,7.951386703658792e-15,9.54166404439055e-15,1.5107634736951704e-14,1.2722218725854067e-14,1.033680271475643e-14
0.5913739204406738,0.0,0.0,-12.183544303797467,-16.625,True,3.1805546814635168e-15,7.951386703658792e-15,9.54166404439055e-15,1.5107634736951704e-14,1.2722218725854067e-14,1.033680271475643e-14
0.6434881687164307,0.0,0.0,-11.075949367088606,-16.625,True,3.1805546814635168e-15,7.951386703658792e-15,9.54166404439055e-15,1.5107634736951704e-14,1.2722218725854067e-14,1.033680271475643e-14
0.6957402229309082,0.0,0.0,-11.075949367088606,-16.625,True,3.1805546814635168e-15,7.951386703658792e-15,9.54166404439055e-15,1.5107634736951704e-14,1.2722218725854067e-14,1.033680271475643e-14
0.747605562210083,0.0,0.0,-11.075949367088606,-16.625,True,3.1805546814635168e-15,7.951386703658792e-15,9.54166404439055e-15,1.5107634736951704e-14,1.2722218725854067e-14,1.033680271475643e-14
0.7994387149810791,0.0,0.0,-11.075949367088606,-16.625,True,3.1805546814635168e-15,7.951386703658792e-15,9.54166404439055e-15,1.5107634736951704e-14,1.2722218725854067e-14,1.033680271475643e-14
0.8514699935913086,0.0,0.0,-11.075949367088606,-16.625,True,3.1805546814635168e-15,7.951386703658792e-15,9.54166404439055e-15,1.5107634736951704e-14,1.2722218725854067e-14,1.033680271475643e-14
0.9034318923950195,0.0,0.0,-11.075949367088606,-16.625,True,3.1805546814635168e-15,7.951386703658792e-15,9.54166404439055e-15,1.5107634736951704e-14,1.2722218725854067e-14,1.033680271475643e-14
0.9549264907836914,0.0,0.0,-9.968354430379746,-16.625,True,3.1805546814635168e-15,7.951386703658792e-15,9.54166404439055e-15,1.5107634736951704e-14,1.2722218725854067e-14,1.033680271475643e-14
1.0066900253295898,-1.0,0.0,-12.183544303797467,-16.625,True,-1.2483935284926417,-1.2483935284926377,-1.0589653917619812,2.310080174629658,2.310080174629655,-1.0589653917619806
1.0588815212249756,-1.0,0.0,-12.183544303797467,-16.625,True,-1.2483935284926417,-1.2483935284926377,-1.0589653917619812,2.310080174629658,2.310080174629655,-1.0589653917619806
1.1104888916015625,-1.0,0.0,-11.075949367088606,-16.625,True,-1.2483935284926417,-1.2483935284926377,-1.0589653917619812,2.310080174629658,2.310080174629655,-1.0589653917619806
1.1622354984283447,-1.0,0.0,-11.075949367088606,-16.625,True,-1.2483935284926417,-1.2483935284926377,-1.0589653917619812,2.310080174629658,2.310080174629655,-1.0589653917619806
1.2142703533172607,-1.0,0.0,-12.183544303797467,-16.625,True,-1.2483935284926417,-1.2483935284926377,-1.0589653917619812,2.310080174629658,2.310080174629655,-1.0589653917619806
1.2659854888916016,-1.0,0.0,-12.183544303797467,-16.625,True,-1.2483935284926417,-1.2483935284926377,-1.0589653917619812,2.310080174629658,2.310080174629655,-1.0589653917619806
1.3186380863189697,-1.0,0.0,-12.183544303797467,-16.625,True,-1.2483935284926417,-1.2483935284926377,-1.0589653917619812,2.310080174629658,2.310080174629655,-1.0589653917619806
1.370546817779541,-1.0,0.0,-12.183544303797467,-16.625,True,-1.2483935284926417,-1.2483935284926377,-1.0589653917619812,2.310080174629658,2.310080174629655,-1.0589653917619806
1.4230618476867676,-1.0,0.0,-11.075949367088606,-15.346153846153845,True,-1.2483935284926417,-1.2483935284926377,-1.0589653917619812,2.310080174629658,2.310080174629655,-1.0589653917619806
1.474827766418457,-1.0,0.0,-8.860759493670885,-15.346153846153845,True,-1.2483935284926417,-1.2483935284926377,-1.0589653917619812,2.310080174629658,2.310080174629655,-1.0589653917619806
1.526731252670288,-1.0,0.0,-12.183544303797467,-14.067307692307692,True,-1.2483935284926417,-1.2483935284926377,-1.0589653917619812,2.310080174629658,2.310080174629655,-1.0589653917619806
1.5787248611450195,-1.0,0.0,-8.860759493670885,-14.067307692307692,True,-1.2483935284926417,-1.2483935284926377,-1.0589653917619812,2.310080174629658,2.310080174629655,-1.0589653917619806
1.630424976348877,-1.0,0.0,-8.860759493670885,-14.067307692307692,True,-1.2483935284926417,-1.2483935284926377,-1.0589653917619812,2.310080174629658,2.310080174629655,-1.0589653917619806
1.6820704936981201,-1.0,0.0,-8.860759493670885,-14.067307692307692,True,-1.2483935284926417,-1.2483935284926377,-1.0589653917619812,2.310080174629658,2.310080174629655,-1.0589653917619806
1.734050989151001,-1.0,0.0,-8.860759493670885,-11.509615384615383,True,-1.2483935284926417,-1.2483935284926377,-1.0589653917619812,2.310080174629658,2.310080174629655,-1.0589653917619806
1.786034107208252,-1.0,0.0,-8.860759493670885,-11.509615384615383,True,-1.2483935284926417,-1.2483935284926377,-1.0589653917619812,2.310080174629658,2.310080174629655,-1.0589653917619806
1.8375630378723145,-1.0,0.0,-8.860759493670885,-10.23076923076923,True,-1.2483935284926417,-1.2483935284926377,-1.0589653917619812,2.310080174629658,2.310080174629655,-1.0589653917619806
1.8889689445495605,-1.0,0.0,-8.860759493670885,-8.951923076923077,True,-1.2483935284926417,-1.2483935284926377,-1.0589653917619812,2.310080174629658,2.310080174629655,-1.0589653917619806
1.9404809474945068,-1.0,0.0,-8.860759493670885,-7.6730769230769225,True,-1.2483935284926417,-1.2483935284926377,-1.0589653917619812,2.310080174629658,2.310080174629655,-1.0589653917619806
1.9924089908599854,-1.0,0.0,-8.860759493670885,-5.115384615384615,True,-1.2483935284926417,-1.2483935284926377,-1.0589653917619812,2.310080174629658,2.310080174629655,-1.0589653917619806
2.044396162033081,-1.0,0.0,-8.860759493670885,-3.8365384615384612,True,-1.2483935284926417,-1.2483935284926377,-1.0589653917619812,2.310080174629658,2.310080174629655,-1.0589653917619806
2.0969302654266357,-1.0,0.0,-8.860759493670885,-2.5576923076923075,True,-1.2483935284926417,-1.2483935284926377,-1.0589653917619812,2.310080174629658,2.310080174629655,-1.0589653917619806
2.1485605239868164,-1.0,0.0,-11.075949367088606,0.0,True,-1.2483935284926417,-1.2483935284926377,-1.0589653917619812,2.310080174629658,2.310080174629655,-1.0589653917619806
2.200249195098877,-1.0,0.0,-11.075949367088606,1.2788461538461537,True,-1.2483935284926417,-1.2483935284926377,-1.0589653917619812,2.310080174629658,2.310080174629655,-1.0589653917619806
2.252347707748413,-1.0,0.0,-13.291139240506329,5.115384615384615,True,-1.2483935284926417,-1.2483935284926377,-1.0589653917619812,2.310080174629658,2.310080174629655,-1.0589653917619806
2.3043625354766846,-1.0,0.0,-15.50632911392405,6.394230769230768,True,-1.2483935284926417,-1.2483935284926377,-1.0589653917619812,2.310080174629658,2.310080174629655,-1.0589653917619806
2.356372117996216,-1.0,0.0,-17.72151898734177,10.23076923076923,True,-1.2483935284926417,-1.2483935284926377,-1.0589653917619812,2.310080174629658,2.310080174629655,-1.0589653917619806
2.4084174633026123,-1.0,0.0,-19.93670886075949,14.067307692307692,True,-1.2483935284926417,-1.2483935284926377,-1.0589653917619812,2.310080174629658,2.310080174629655,-1.0589653917619806
2.4608206748962402,-1.0,0.0,-22.151898734177212,16.625,True,-1.2483935284926417,-1.2483935284926377,-1.0589653917619812,2.310080174629658,2.310080174629655,-1.0589653917619806
2.512704849243164,-1.0,0.0,-25.474683544303794,20.46153846153846,True,-1.2483935284926417,-1.2483935284926377,-1.0589653917619812,2.310080174629658,2.310080174629655,-1.0589653917619806
2.564441442489624,-1.0,0.0,-27.689873417721518,23.019230769230766,True,-1.2483935284926417,-1.2483935284926377,-1.0589653917619812,2.310080174629658,2.310080174629655,-1.0589653917619806
2.616147041320801,-1.0,0.0,-31.0126582278481,28.134615384615383,True,-1.2483935284926417,-1.2483935284926377,-1.0589653917619812,2.310080174629658,2.310080174629655,-1.0589653917619806
2.668855905532837,-1.0,0.0,-36.550632911392405,33.25,True,-1.2483935284926417,-1.2483935284926377,-1.0589653917619812,2.310080174629658,2.310080174629655,-1.0589653917619806
2.7206194400787354,-1.0,0.0,-38.765822784810126,35.80769230769231,True,-1.2483935284926417,-1.2483935284926377,-1.0589653917619812,2.310080174629658,2.310080174629655,-1.0589653917619806
2.7727816104888916,-1.0,0.0,-43.19620253164557,40.92307692307692,True,-1.2483935284926417,-1.2483935284926377,-1.0589653917619812,2.310080174629658,2.310080174629655,-1.0589653917619806
2.824810028076172,-1.0,0.0,-44.303797468354425,43.480769230769226,True,-1.2483935284926417,-1.2483935284926377,-1.0589653917619812,2.310080174629658,2.310080174629655,-1.0589653917619806
2.877336263656616,-1.0,0.0,-48.73417721518987,48.59615384615384,True,-1.2483935284926417,-1.2483935284926377,-1.0589653917619812,2.310080174629658,2.310080174629655,-1.0589653917619806
2.9289987087249756,-1.0,0.0,-53.164556962025316,53.71153846153846,True,-1.2483935284926417,-1.2483935284926377,-1.0589653917619812,2.310080174629658,2.310080174629655,-1.0589653917619806
2.9820947647094727,-1.0,0.0,-55.379746835443036,57.54807692307692,True,-1.2483935284926417,-1.2483935284926377,-1.0589653917619812,2.310080174629658,2.310080174629655,-1.0589653917619806
3.0334722995758057,-1.0,0.0,-63.132911392405056,62.66346153846153,True,-1.2483935284926417,-1.2483935284926377,-1.0589653917619812,2.310080174629658,2.310080174629655,-1.0589653917619806
3.0854744911193848,-1.0,0.0,-67.5632911392405,66.5,True,-1.2483935284926417,-1.2483935284926377,-1.0589653917619812,2.310080174629658,2.310080174629655,-1.0589653917619806
3.1375486850738525,-1.0,0.0,-70.88607594936708,70.33653846153845,True,-1.2483935284926417,-1.2483935284926377,-1.0589653917619812,2.310080174629658,2.310080174629655,-1.0589653917619806
3.189382553100586,-1.0,0.0,-73.10126582278481,72.89423076923076,True,-1.2483935284926417,-1.2483935284926377,-1.0589653917619812,2.310080174629658,2.310080174629655,-1.0589653917619806
3.2410805225372314,-1.0,0.0,-73.10126582278481,71.61538461538461,True,-1.2483935284926417,-1.2483935284926377,-1.0589653917619812,2.310080174629658,2.310080174629655,-1.0589653917619806
3.292952060699463,-1.0,0.0,-73.10126582278481,71.61538461538461,True,-1.2483935284926417,-1.2483935284926377,-1.0589653917619812,2.310080174629658,2.310080174629655,-1.0589653917619806
3.345010995864868,-1.0,0.0,-73.10126582278481,71.61538461538461,True,-1.2483935284926417,-1.2483935284926377,-1.0589653917619812,2.310080174629658,2.310080174629655,-1.0589653917619806
3.3973028659820557,-1.0,0.0,-75.31645569620252,70.33653846153845,True,-1.2483935284926417,-1.2483935284926377,-1.0589653917619812,2.310080174629658,2.310080174629655,-1.0589653917619806
3.4487063884735107,-1.0,0.0,-75.31645569620252,70.33653846153845,True,-1.2483935284926417,-1.2483935284926377,-1.0589653917619812,2.310080174629658,2.310080174629655,-1.0589653917619806
3.5007646083831787,-1.0,0.0,-75.31645569620252,70.33653846153845,True,-1.2483935284926417,-1.2483935284926377,-1.0589653917619812,2.310080174629658,2.310080174629655,-1.0589653917619806
3.5524537563323975,-1.0,0.0,-77.53164556962025,70.33653846153845,True,-1.2483935284926417,-1.2483935284926377,-1.0589653917619812,2.310080174629658,2.310080174629655,-1.0589653917619806
3.6043436527252197,-1.0,0.0,-77.53164556962025,69.0576923076923,True,-1.2483935284926417,-1.2483935284926377,-1.0589653917619812,2.310080174629658,2.310080174629655,-1.0589653917619806
3.6560540199279785,-1.0,0.0,-79.74683544303797,69.0576923076923,True,-1.2483935284926417,-1.2483935284926377,-1.0589653917619812,2.310080174629658,2.310080174629655,-1.0589653917619806
3.708245038986206,-1.0,0.0,-79.74683544303797,69.0576923076923,True,-1.2483935284926417,-1.2483935284926377,-1.0589653917619812,2.310080174629658,2.310080174629655,-1.0589653917619806
3.7600646018981934,-1.0,0.0,-79.74683544303797,69.0576923076923,True,-1.2483935284926417,-1.2483935284926377,-1.0589653917619812,2.310080174629658,2.310080174629655,-1.0589653917619806
3.811838150024414,-1.0,0.0,-81.9620253164557,69.0576923076923,True,-1.2483935284926417,-1.2483935284926377,-1.0589653917619812,2.310080174629658,2.310080174629655,-1.0589653917619806
3.863726854324341,-1.0,0.0,-81.9620253164557,69.0576923076923,True,-1.2483935284926417,-1.2483935284926377,-1.0589653917619812,2.310080174629658,2.310080174629655,-1.0589653917619806
3.9157135486602783,-1.0,0.0,-84.17721518987341,67.77884615384615,True,-1.2483935284926417,-1.2483935284926377,-1.0589653917619812,2.310080174629658,2.310080174629655,-1.0589653917619806
3.967766046524048,-1.0,0.0,-86.39240506329114,69.0576923076923,True,-1.2483935284926417,-1.2483935284926377,-1.0589653917619812,2.310080174629658,2.310080174629655,-1.0589653917619806
4.019897699356079,-1.0,0.0,-88.60759493670885,69.0576923076923,True,-1.2483935284926417,-1.2483935284926377,-1.0589653917619812,2.310080174629658,2.310080174629655,-1.0589653917619806
4.071547031402588,-1.0,0.0,-90.82278481012658,67.77884615384615,True,-1.2483935284926417,-1.2483935284926377,-1.0589653917619812,2.310080174629658,2.310080174629655,-1.0589653917619806
4.123297691345215,-1.0,0.0,-93.03797468354429,69.0576923076923,True,-1.2483935284926417,-1.2483935284926377,-1.0589653917619812,2.310080174629658,2.310080174629655,-1.0589653917619806
4.175102949142456,-1.0,0.0,-95.25316455696202,69.0576923076923,True,-1.2483935284926417,-1.2483935284926377,-1.0589653917619812,2.310080174629658,2.310080174629655,-1.0589653917619806
4.2271013259887695,-1.0,0.0,-99.68354430379746,67.77884615384615,True,-1.2483935284926417,-1.2483935284926377,-1.0589653917619812,2.310080174629658,2.310080174629655,-1.0589653917619806
4.279263019561768,-1.0,0.0,-101.89873417721518,67.77884615384615,True,-1.2483935284926417,-1.2483935284926377,-1.0589653917619812,2.310080174629658,2.310080174629655,-1.0589653917619806
4.330490827560425,-1.0,0.0,-106.32911392405063,69.0576923076923,True,-1.2483935284926417,-1.2483935284926377,-1.0589653917619812,2.310080174629658,2.310080174629655,-1.0589653917619806
4.382251262664795,-1.0,0.0,-108.54430379746834,69.0576923076923,True,-1.2483935284926417,-1.2483935284926377,-1.0589653917619812,2.310080174629658,2.310080174629655,-1.0589653917619806
4.433489561080933,-1.0,0.0,-115.18987341772151,69.0576923076923,True,-1.2483935284926417,-1.2483935284926377,-1.0589653917619812,2.310080174629658,2.310080174629655,-1.0589653917619806
4.485201358795166,-1.0,0.0,-119.62025316455696,67.77884615384615,True,-1.2483935284926417,-1.2483935284926377,-1.0589653917619812,2.310080174629658,2.310080174629655,-1.0589653917619806
4.536905527114868,-1.0,0.0,-118.51265822784809,56.26923076923077,True,-1.2483935284926417,-1.2483935284926377,-1.0589653917619812,2.310080174629658,2.310080174629655,-1.0589653917619806
4.589736223220825,-1.0,0.0,-109.65189873417721,39.64423076923077,True,-1.2483935284926417,-1.2483935284926377,-1.0589653917619812,2.310080174629658,2.310080174629655,-1.0589653917619806
4.641472101211548,-1.0,0.0,-101.89873417721518,30.69230769230769,True,-1.2483935284926417,-1.2483935284926377,-1.0589653917619812,2.310080174629658,2.310080174629655,-1.0589653917619806
4.693801403045654,-1.0,0.0,-128.48101265822783,46.03846153846153,True,-1.2483935284926417,-1.2483935284926377,-1.0589653917619812,2.310080174629658,2.310080174629655,-1.0589653917619806
4.745910406112671,-1.0,0.0,-158.38607594936707,61.38461538461538,True,-1.2483935284926417,-1.2483935284926377,-1.0589653917619812,2.310080174629658,2.310080174629655,-1.0589653917619806
4.797764539718628,-1.0,0.0,-163.9240506329114,69.0576923076923,True,-1.2483935284926417,-1.2483935284926377,-1.0589653917619812,2.310080174629658,2.310080174629655,-1.0589653917619806
4.8498735427856445,-1.0,0.0,-168.35443037974682,65.22115384615384,True,-1.2483935284926417,-1.2483935284926377,-1.0589653917619812,2.310080174629658,2.310080174629655,-1.0589653917619806
4.901716947555542,-1.0,0.0,-168.35443037974682,63.942307692307686,True,-1.2483935284926417,-1.2483935284926377,-1.0589653917619812,2.310080174629658,2.310080174629655,-1.0589653917619806
4.953585147857666,-1.0,0.0,-163.9240506329114,53.71153846153846,True,-1.2483935284926417,-1.2483935284926377,-1.0589653917619812,2.310080174629658,2.310080174629655,-1.0589653917619806
5.0057337284088135,-1.0,0.0,-153.95569620253164,40.92307692307692,True,-1.2483935284926417,-1.2483935284926377,-1.0589653917619812,2.310080174629658,2.310080174629655,-1.0589653917619806
5.057055473327637,-1.0,0.0,-168.35443037974682,49.87499999999999,True,-1.2483935284926417,-1.2483935284926377,-1.0589653917619812,2.310080174629658,2.310080174629655,-1.0589653917619806
5.109501123428345,-1.0,0.0,nan,nan,False,-1.2483935284926417,-1.2483935284926377,-1.0589653917619812,2.310080174629658,2.310080174629655,-1.0589653917619806
5.161510705947876,-1.0,0.0,nan,nan,False,-1.2483935284926417,-1.2483935284926377,-1.0589653917619812,2.310080174629658,2.310080174629655,-1.0589653917619806
5.213622808456421,-1.0,0.0,nan,nan,False,-1.2483935284926417,-1.2483935284926377,-1.0589653917619812,2.310080174629658,2.310080174629655,-1.0589653917619806
5.265605688095093,-1.0,0.0,nan,nan,False,-1.2483935284926417,-1.2483935284926377,-1.0589653917619812,2.310080174629658,2.310080174629655,-1.0589653917619806
5.3172454833984375,-1.0,0.0,nan,nan,False,-1.2483935284926417,-1.2483935284926377,-1.0589653917619812,2.310080174629658,2.310080174629655,-1.0589653917619806
5.369028568267822,-1.0,0.0,nan,nan,False,-1.2483935284926417,-1.2483935284926377,-1.0589653917619812,2.310080174629658,2.310080174629655,-1.0589653917619806
5.421184062957764,-1.0,0.0,nan,nan,False,-1.2483935284926417,-1.2483935284926377,-1.0589653917619812,2.310080174629658,2.310080174629655,-1.0589653917619806
5.473425388336182,-1.0,0.0,nan,nan,False,-1.2483935284926417,-1.2483935284926377,-1.0589653917619812,2.310080174629658,2.310080174629655,-1.0589653917619806
5.525425910949707,-1.0,0.0,nan,nan,False,-1.2483935284926417,-1.2483935284926377,-1.0589653917619812,2.310080174629658,2.310080174629655,-1.0589653917619806
5.577443599700928,-1.0,0.0,nan,nan,False,-1.2483935284926417,-1.2483935284926377,-1.0589653917619812,2.310080174629658,2.310080174629655,-1.0589653917619806
5.629224061965942,-1.0,0.0,nan,nan,False,-1.2483935284926417,-1.2483935284926377,-1.0589653917619812,2.310080174629658,2.310080174629655,-1.0589653917619806
5.681426525115967,-1.0,0.0,nan,nan,False,-1.2483935284926417,-1.2483935284926377,-1.0589653917619812,2.310080174629658,2.310080174629655,-1.0589653917619806
5.7334747314453125,-1.0,0.0,nan,nan,False,-1.2483935284926417,-1.2483935284926377,-1.0589653917619812,2.310080174629658,2.310080174629655,-1.0589653917619806
5.785435914993286,-1.0,0.0,nan,nan,False,-1.2483935284926417,-1.2483935284926377,-1.0589653917619812,2.310080174629658,2.310080174629655,-1.0589653917619806
5.837168216705322,-1.0,0.0,nan,nan,False,-1.2483935284926417,-1.2483935284926377,-1.0589653917619812,2.310080174629658,2.310080174629655,-1.0589653917619806
5.888914585113525,-1.0,0.0,nan,nan,False,-1.2483935284926417,-1.2483935284926377,-1.0589653917619812,2.310080174629658,2.310080174629655,-1.0589653917619806
5.940850019454956,-1.0,0.0,nan,nan,False,-1.2483935284926417,-1.2483935284926377,-1.0589653917619812,2.310080174629658,2.310080174629655,-1.0589653917619806
5.99242639541626,-1.0,0.0,nan,nan,False,-1.2483935284926417,-1.2483935284926377,-1.0589653917619812,2.310080174629658,2.310080174629655,-1.0589653917619806
0.0205380916595459,0.0,0.0,-15.50632911392405,-6.394230769230768,True,3.1805546814635168e-15,7.951386703658792e-15,9.54166404439055e-15,1.5107634736951704e-14,1.2722218725854067e-14,1.033680271475643e-14
0.07221722602844238,0.0,0.0,-15.50632911392405,-6.394230769230768,True,3.1805546814635168e-15,7.951386703658792e-15,9.54166404439055e-15,1.5107634736951704e-14,1.2722218725854067e-14,1.033680271475643e-14
0.12437248229980469,0.0,0.0,-15.50632911392405,-6.394230769230768,True,3.1805546814635168e-15,7.951386703658792e-15,9.54166404439055e-15,1.5107634736951704e-14,1.2722218725854067e-14,1.033680271475643e-14
0.17642712593078613,0.0,0.0,-15.50632911392405,-6.394230769230768,True,3.1805546814635168e-15,7.951386703658792e-15,9.54166404439055e-15,1.5107634736951704e-14,1.2722218725854067e-14,1.033680271475643e-14
0.2279512882232666,0.0,0.0,-15.50632911392405,-6.394230769230768,True,3.1805546814635168e-15,7.951386703658792e-15,9.54166404439055e-15,1.5107634736951704e-14,1.2722218725854067e-14,1.033680271475643e-14
0.2796766757965088,0.0,0.0,-15.50632911392405,-6.394230769230768,True,3.1805546814635168e-15,7.951386703658792e-15,9.54166404439055e-15,1.5107634736951704e-14,1.2722218725854067e-14,1.033680271475643e-14
0.33120179176330566,0.0,0.0,-15.50632911392405,-6.394230769230768,True,3.1805546814635168e-15,7.951386703658792e-15,9.54166404439055e-15,1.5107634736951704e-14,1.2722218725854067e-14,1.033680271475643e-14
0.38295936584472656,0.0,0.0,-15.50632911392405,-6.394230769230768,True,3.1805546814635168e-15,7.951386703658792e-15,9.54166404439055e-15,1.5107634736951704e-14,1.2722218725854067e-14,1.033680271475643e-14
0.4347422122955322,0.0,0.0,-15.50632911392405,-6.394230769230768,True,3.1805546814635168e-15,7.951386703658792e-15,9.54166404439055e-15,1.5107634736951704e-14,1.2722218725854067e-14,1.033680271475643e-14
0.48679399490356445,0.0,0.0,-15.50632911392405,-6.394230769230768,True,3.1805546814635168e-15,7.951386703658792e-15,9.54166404439055e-15,1.5107634736951704e-14,1.2722218725854067e-14,1.033680271475643e-14
0.5385453701019287,0.0,0.0,-15.50632911392405,-6.394230769230768,True,3.1805546814635168e-15,7.951386703658792e-15,9.54166404439055e-15,1.5107634736951704e-14,1.2722218725854067e-14,1.033680271475643e-14
0.5904428958892822,0.0,0.0,-15.50632911392405,-6.394230769230768,True,3.1805546814635168e-15,7.951386703658792e-15,9.54166404439055e-15,1.5107634736951704e-14,1.2722218725854067e-14,1.033680271475643e-14
0.642503023147583,0.0,0.0,-15.50632911392405,-6.394230769230768,True,3.1805546814635168e-15,7.951386703658792e-15,9.54166404439055e-15,1.5107634736951704e-14,1.2722218725854067e-14,1.033680271475643e-14
0.6941235065460205,0.0,0.0,-15.50632911392405,-6.394230769230768,True,3.1805546814635168e-15,7.951386703658792e-15,9.54166404439055e-15,1.5107634736951704e-14,1.2722218725854067e-14,1.033680271475643e-14
0.7465896606445312,0.0,0.0,-15.50632911392405,-6.394230769230768,True,3.1805546814635168e-15,7.951386703658792e-15,9.54166404439055e-15,1.5107634736951704e-14,1.2722218725854067e-14,1.033680271475643e-14
0.7995681762695312,0.0,0.0,-15.50632911392405,-6.394230769230768,True,3.1805546814635168e-15,7.951386703658792e-15,9.54166404439055e-15,1.5107634736951704e-14,1.2722218725854067e-14,1.033680271475643e-14
0.8514797687530518,0.0,0.0,-15.50632911392405,-6.394230769230768,True,3.1805546814635168e-15,7.951386703658792e-15,9.54166404439055e-15,1.5107634736951704e-14,1.2722218725854067e-14,1.033680271475643e-14
0.9033961296081543,0.0,0.0,-15.50632911392405,-6.394230769230768,True,3.1805546814635168e-15,7.951386703658792e-15,9.54166404439055e-15,1.5107634736951704e-14,1.2722218725854067e-14,1.033680271475643e-14
0.9555304050445557,0.0,0.0,-15.50632911392405,-6.394230769230768,True,3.1805546814635168e-15,7.951386703658792e-15,9.54166404439055e-15,1.5107634736951704e-14,1.2722218725854067e-14,1.033680271475643e-14
1.0074222087860107,0.0,-1.0,-15.50632911392405,-7.6730769230769225,True,1.9448095406376702,-1.9290593753490997,-2.0400485924926306,-0.11712648770061812,0.09728642876029006,2.0484343220532506
1.0604052543640137,0.0,-1.0,-15.50632911392405,-6.394230769230768,True,1.9448095406376702,-1.9290593753490997,-2.0400485924926306,-0.11712648770061812,0.09728642876029006,2.0484343220532506
1.1134886741638184,0.0,-1.0,-15.50632911392405,-6.394230769230768,True,1.9448095406376702,-1.9290593753490997,-2.0400485924926306,-0.11712648770061812,0.09728642876029006,2.0484343220532506
1.165696144104004,0.0,-1.0,-15.50632911392405,-6.394230769230768,True,1.9448095406376702,-1.9290593753490997,-2.0400485924926306,-0.11712648770061812,0.09728642876029006,2.0484343220532506
1.2174909114837646,0.0,-1.0,-15.50632911392405,-5.115384615384615,True,1.9448095406376702,-1.9290593753490997,-2.0400485924926306,-0.11712648770061812,0.09728642876029006,2.0484343220532506
1.2691590785980225,0.0,-1.0,-15.50632911392405,-6.394230769230768,True,1.9448095406376702,-1.9290593753490997,-2.0400485924926306,-0.11712648770061812,0.09728642876029006,2.0484343220532506
1.3209037780761719,0.0,-1.0,-17.72151898734177,-5.115384615384615,True,1.9448095406376702,-1.9290593753490997,-2.0400485924926306,-0.11712648770061812,0.09728642876029006,2.0484343220532506
1.3726885318756104,0.0,-1.0,-17.72151898734177,-5.115384615384615,True,1.9448095406376702,-1.9290593753490997,-2.0400485924926306,-0.11712648770061812,0.09728642876029006,2.0484343220532506
1.4247968196868896,0.0,-1.0,-17.72151898734177,-5.115384615384615,True,1.9448095406376702,-1.9290593753490997,-2.0400485924926306,-0.11712648770061812,0.09728642876029006,2.0484343220532506
1.4770960807800293,0.0,-1.0,-17.72151898734177,-5.115384615384615,True,1.9448095406376702,-1.9290593753490997,-2.0400485924926306,-0.11712648770061812,0.09728642876029006,2.0484343220532506
1.5288314819335938,0.0,-1.0,-19.93670886075949,-6.394230769230768,True,1.9448095406376702,-1.9290593753490997,-2.0400485924926306,-0.11712648770061812,0.09728642876029006,2.0484343220532506
1.580885648727417,0.0,-1.0,-19.93670886075949,-5.115384615384615,True,1.9448095406376702,-1.9290593753490997,-2.0400485924926306,-0.11712648770061812,0.09728642876029006,2.0484343220532506
1.6329572200775146,0.0,-1.0,-19.93670886075949,-6.394230769230768,True,1.9448095406376702,-1.9290593753490997,-2.0400485924926306,-0.11712648770061812,0.09728642876029006,2.0484343220532506
1.6846060752868652,0.0,-1.0,-22.151898734177212,-6.394230769230768,True,1.9448095406376702,-1.9290593753490997,-2.0400485924926306,-0.11712648770061812,0.09728642876029006,2.0484343220532506
1.7368597984313965,0.0,-1.0,-22.151898734177212,-6.394230769230768,True,1.9448095406376702,-1.9290593753490997,-2.0400485924926306,-0.11712648770061812,0.09728642876029006,2.0484343220532506
1.7892391681671143,0.0,-1.0,-24.367088607594933,-6.394230769230768,True,1.9448095406376702,-1.9290593753490997,-2.0400485924926306,-0.11712648770061812,0.09728642876029006,2.0484343220532506
1.8416483402252197,0.0,-1.0,-26.582278481012658,-6.394230769230768,True,1.9448095406376702,-1.9290593753490997,-2.0400485924926306,-0.11712648770061812,0.09728642876029006,2.0484343220532506
1.8930416107177734,0.0,-1.0,-28.79746835443038,-6.394230769230768,True,1.9448095406376702,-1.9290593753490997,-2.0400485924926306,-0.11712648770061812,0.09728642876029006,2.0484343220532506
1.944854736328125,0.0,-1.0,-31.0126582278481,-6.394230769230768,True,1.9448095406376702,-1.9290593753490997,-2.0400485924926306,-0.11712648770061812,0.09728642876029006,2.0484343220532506
1.9978055953979492,0.0,-1.0,-35.44303797468354,-6.394230769230768,True,1.9448095406376702,-1.9290593753490997,-2.0400485924926306,-0.11712648770061812,0.09728642876029006,2.0484343220532506
2.049755811691284,0.0,-1.0,-36.550632911392405,-5.115384615384615,True,1.9448095406376702,-1.9290593753490997,-2.0400485924926306,-0.11712648770061812,0.09728642876029006,2.0484343220532506
2.1020896434783936,0.0,-1.0,-40.98101265822785,-5.115384615384615,True,1.9448095406376702,-1.9290593753490997,-2.0400485924926306,-0.11712648770061812,0.09728642876029006,2.0484343220532506
2.153979539871216,0.0,-1.0,-45.41139240506329,-3.8365384615384612,True,1.9448095406376702,-1.9290593753490997,-2.0400485924926306,-0.11712648770061812,0.09728642876029006,2.0484343220532506
2.205634355545044,0.0,-1.0,-48.73417721518987,-3.8365384615384612,True,1.9448095406376702,-1.9290593753490997,-2.0400485924926306,-0.11712648770061812,0.09728642876029006,2.0484343220532506
2.2571446895599365,0.0,-1.0,-55.379746835443036,-2.5576923076923075,True,1.9448095406376702,-1.9290593753490997,-2.0400485924926306,-0.11712648770061812,0.09728642876029006,2.0484343220532506
2.308847188949585,0.0,-1.0,-57.59493670886076,-2.5576923076923075,True,1.9448095406376702,-1.9290593753490997,-2.0400485924926306,-0.11712648770061812,0.09728642876029006,2.0484343220532506
2.361236572265625,0.0,-1.0,-64.24050632911391,-1.2788461538461537,True,1.9448095406376702,-1.9290593753490997,-2.0400485924926306,-0.11712648770061812,0.09728642876029006,2.0484343220532506
2.4125592708587646,0.0,-1.0,-71.99367088607595,-1.2788461538461537,True,1.9448095406376702,-1.9290593753490997,-2.0400485924926306,-0.11712648770061812,0.09728642876029006,2.0484343220532506
2.4643142223358154,0.0,-1.0,-75.31645569620252,0.0,True,1.9448095406376702,-1.9290593753490997,-2.0400485924926306,-0.11712648770061812,0.09728642876029006,2.0484343220532506
2.516374111175537,0.0,-1.0,-85.28481012658227,1.2788461538461537,True,1.9448095406376702,-1.9290593753490997,-2.0400485924926306,-0.11712648770061812,0.09728642876029006,2.0484343220532506
2.5685794353485107,0.0,-1.0,-86.39240506329114,1.2788461538461537,True,1.9448095406376702,-1.9290593753490997,-2.0400485924926306,-0.11712648770061812,0.09728642876029006,2.0484343220532506
2.620501756668091,0.0,-1.0,-95.25316455696202,2.5576923076923075,True,1.9448095406376702,-1.9290593753490997,-2.0400485924926306,-0.11712648770061812,0.09728642876029006,2.0484343220532506
2.672715663909912,0.0,-1.0,-104.1139240506329,3.8365384615384612,True,1.9448095406376702,-1.9290593753490997,-2.0400485924926306,-0.11712648770061812,0.09728642876029006,2.0484343220532506
2.7249815464019775,0.0,-1.0,-110.75949367088607,3.8365384615384612,True,1.9448095406376702,-1.9290593753490997,-2.0400485924926306,-0.11712648770061812,0.09728642876029006,2.0484343220532506
2.77722430229187,0.0,-1.0,-119.62025316455696,6.394230769230768,True,1.9448095406376702,-1.9290593753490997,-2.0400485924926306,-0.11712648770061812,0.09728642876029006,2.0484343220532506
2.829183578491211,0.0,-1.0,-124.0506329113924,5.115384615384615,True,1.9448095406376702,-1.9290593753490997,-2.0400485924926306,-0.11712648770061812,0.09728642876029006,2.0484343220532506
2.8812825679779053,0.0,-1.0,-122.94303797468353,1.2788461538461537,True,1.9448095406376702,-1.9290593753490997,-2.0400485924926306,-0.11712648770061812,0.09728642876029006,2.0484343220532506
2.9330966472625732,0.0,-1.0,-115.18987341772151,-5.115384615384615,True,1.9448095406376702,-1.9290593753490997,-2.0400485924926306,-0.11712648770061812,0.09728642876029006,2.0484343220532506
2.984586238861084,0.0,-1.0,-110.75949367088607,-12.788461538461537,True,1.9448095406376702,-1.9290593753490997,-2.0400485924926306,-0.11712648770061812,0.09728642876029006,2.0484343220532506
3.0362820625305176,0.0,-1.0,-137.3417721518987,0.0,True,1.9448095406376702,-1.9290593753490997,-2.0400485924926306,-0.11712648770061812,0.09728642876029006,2.0484343220532506
3.0883266925811768,0.0,-1.0,-153.95569620253164,5.115384615384615,True,1.9448095406376702,-1.9290593753490997,-2.0400485924926306,-0.11712648770061812,0.09728642876029006,2.0484343220532506
3.1405842304229736,0.0,-1.0,-168.35443037974682,12.788461538461537,True,1.9448095406376702,-1.9290593753490997,-2.0400485924926306,-0.11712648770061812,0.09728642876029006,2.0484343220532506
3.192675828933716,0.0,-1.0,-172.78481012658227,15.346153846153845,True,1.9448095406376702,-1.9290593753490997,-2.0400485924926306,-0.11712648770061812,0.09728642876029006,2.0484343220532506
3.2447144985198975,0.0,-1.0,-172.78481012658227,14.067307692307692,True,1.9448095406376702,-1.9290593753490997,-2.0400485924926306,-0.11712648770061812,0.09728642876029006,2.0484343220532506
3.296809673309326,0.0,-1.0,-163.9240506329114,6.394230769230768,True,1.9448095406376702,-1.9290593753490997,-2.0400485924926306,-0.11712648770061812,0.09728642876029006,2.0484343220532506
3.3481945991516113,0.0,-1.0,-158.38607594936707,3.8365384615384612,True,1.9448095406376702,-1.9290593753490997,-2.0400485924926306,-0.11712648770061812,0.09728642876029006,2.0484343220532506
3.400027275085449,0.0,-1.0,-172.78481012658227,8.951923076923077,True,1.9448095406376702,-1.9290593753490997,-2.0400485924926306,-0.11712648770061812,0.09728642876029006,2.0484343220532506
3.4517290592193604,0.0,-1.0,nan,nan,False,1.9448095406376702,-1.9290593753490997,-2.0400485924926306,-0.11712648770061812,0.09728642876029006,2.0484343220532506
3.503596782684326,0.0,-1.0,nan,nan,False,1.9448095406376702,-1.9290593753490997,-2.0400485924926306,-0.11712648770061812,0.09728642876029006,2.0484343220532506
3.5552332401275635,0.0,-1.0,nan,nan,False,1.9448095406376702,-1.9290593753490997,-2.0400485924926306,-0.11712648770061812,0.09728642876029006,2.0484343220532506
3.607212543487549,0.0,-1.0,nan,nan,False,1.9448095406376702,-1.9290593753490997,-2.0400485924926306,-0.11712648770061812,0.09728642876029006,2.0484343220532506
3.6601505279541016,0.0,-1.0,nan,nan,False,1.9448095406376702,-1.9290593753490997,-2.0400485924926306,-0.11712648770061812,0.09728642876029006,2.0484343220532506
3.71179461479187,0.0,-1.0,nan,nan,False,1.9448095406376702,-1.9290593753490997,-2.0400485924926306,-0.11712648770061812,0.09728642876029006,2.0484343220532506
3.7647972106933594,0.0,-1.0,nan,nan,False,1.9448095406376702,-1.9290593753490997,-2.0400485924926306,-0.11712648770061812,0.09728642876029006,2.0484343220532506
3.816718816757202,0.0,-1.0,nan,nan,False,1.9448095406376702,-1.9290593753490997,-2.0400485924926306,-0.11712648770061812,0.09728642876029006,2.0484343220532506
3.8689191341400146,0.0,-1.0,nan,nan,False,1.9448095406376702,-1.9290593753490997,-2.0400485924926306,-0.11712648770061812,0.09728642876029006,2.0484343220532506
3.9209351539611816,0.0,-1.0,nan,nan,False,1.9448095406376702,-1.9290593753490997,-2.0400485924926306,-0.11712648770061812,0.09728642876029006,2.0484343220532506
3.9724223613739014,0.0,-1.0,nan,nan,False,1.9448095406376702,-1.9290593753490997,-2.0400485924926306,-0.11712648770061812,0.09728642876029006,2.0484343220532506
4.024285793304443,0.0,-1.0,nan,nan,False,1.9448095406376702,-1.9290593753490997,-2.0400485924926306,-0.11712648770061812,0.09728642876029006,2.0484343220532506
4.076021194458008,0.0,-1.0,nan,nan,False,1.9448095406376702,-1.9290593753490997,-2.0400485924926306,-0.11712648770061812,0.09728642876029006,2.0484343220532506
4.128003358840942,0.0,-1.0,nan,nan,False,1.9448095406376702,-1.9290593753490997,-2.0400485924926306,-0.11712648770061812,0.09728642876029006,2.0484343220532506
4.1806957721710205,0.0,-1.0,nan,nan,False,1.9448095406376702,-1.9290593753490997,-2.0400485924926306,-0.11712648770061812,0.09728642876029006,2.0484343220532506
4.232503652572632,0.0,-1.0,nan,nan,False,1.9448095406376702,-1.9290593753490997,-2.0400485924926306,-0.11712648770061812,0.09728642876029006,2.0484343220532506
4.2848124504089355,0.0,-1.0,nan,nan,False,1.9448095406376702,-1.9290593753490997,-2.0400485924926306,-0.11712648770061812,0.09728642876029006,2.0484343220532506
4.337189435958862,0.0,-1.0,nan,nan,False,1.9448095406376702,-1.9290593753490997,-2.0400485924926306,-0.11712648770061812,0.09728642876029006,2.0484343220532506
4.389266490936279,0.0,-1.0,nan,nan,False,1.9448095406376702,-1.9290593753490997,-2.0400485924926306,-0.11712648770061812,0.09728642876029006,2.0484343220532506
4.441431283950806,0.0,-1.0,nan,nan,False,1.9448095406376702,-1.9290593753490997,-2.0400485924926306,-0.11712648770061812,0.09728642876029006,2.0484343220532506
4.493301153182983,0.0,-1.0,nan,nan,False,1.9448095406376702,-1.9290593753490997,-2.0400485924926306,-0.11712648770061812,0.09728642876029006,2.0484343220532506
4.544939279556274,0.0,-1.0,nan,nan,False,1.9448095406376702,-1.9290593753490997,-2.0400485924926306,-0.11712648770061812,0.09728642876029006,2.0484343220532506
4.596973657608032,0.0,-1.0,nan,nan,False,1.9448095406376702,-1.9290593753490997,-2.0400485924926306,-0.11712648770061812,0.09728642876029006,2.0484343220532506
4.6485772132873535,0.0,-1.0,nan,nan,False,1.9448095406376702,-1.9290593753490997,-2.0400485924926306,-0.11712648770061812,0.09728642876029006,2.0484343220532506
4.700359106063843,0.0,-1.0,nan,nan,False,1.9448095406376702,-1.9290593753490997,-2.0400485924926306,-0.11712648770061812,0.09728642876029006,2.0484343220532506
4.751926422119141,0.0,-1.0,nan,nan,False,1.9448095406376702,-1.9290593753490997,-2.0400485924926306,-0.11712648770061812,0.09728642876029006,2.0484343220532506
4.8038599491119385,0.0,-1.0,nan,nan,False,1.9448095406376702,-1.9290593753490997,-2.0400485924926306,-0.11712648770061812,0.09728642876029006,2.0484343220532506
4.855602025985718,0.0,-1.0,nan,nan,False,1.9448095406376702,-1.9290593753490997,-2.0400485924926306,-0.11712648770061812,0.09728642876029006,2.0484343220532506
4.9073615074157715,0.0,-1.0,nan,nan,False,1.9448095406376702,-1.9290593753490997,-2.0400485924926306,-0.11712648770061812,0.09728642876029006,2.0484343220532506
4.959151268005371,0.0,-1.0,nan,nan,False,1.9448095406376702,-1.9290593753490997,-2.0400485924926306,-0.11712648770061812,0.09728642876029006,2.0484343220532506
5.010838747024536,0.0,-1.0,nan,nan,False,1.9448095406376702,-1.9290593753490997,-2.0400485924926306,-0.11712648770061812,0.09728642876029006,2.0484343220532506
5.062833070755005,0.0,-1.0,nan,nan,False,1.9448095406376702,-1.9290593753490997,-2.0400485924926306,-0.11712648770061812,0.09728642876029006,2.0484343220532506
5.115408420562744,0.0,-1.0,nan,nan,False,1.9448095406376702,-1.9290593753490997,-2.0400485924926306,-0.11712648770061812,0.09728642876029006,2.0484343220532506
5.1668689250946045,0.0,-1.0,nan,nan,False,1.9448095406376702,-1.9290593753490997,-2.0400485924926306,-0.11712648770061812,0.09728642876029006,2.0484343220532506
5.21881628036499,0.0,-1.0,nan,nan,False,1.9448095406376702,-1.9290593753490997,-2.0400485924926306,-0.11712648770061812,0.09728642876029006,2.0484343220532506
5.270644664764404,0.0,-1.0,nan,nan,False,1.9448095406376702,-1.9290593753490997,-2.0400485924926306,-0.11712648770061812,0.09728642876029006,2.0484343220532506
5.3223512172698975,0.0,-1.0,nan,nan,False,1.9448095406376702,-1.9290593753490997,-2.0400485924926306,-0.11712648770061812,0.09728642876029006,2.0484343220532506
5.374467611312866,0.0,-1.0,nan,nan,False,1.9448095406376702,-1.9290593753490997,-2.0400485924926306,-0.11712648770061812,0.09728642876029006,2.0484343220532506
5.426620244979858,0.0,-1.0,nan,nan,False,1.9448095406376702,-1.9290593753490997,-2.0400485924926306,-0.11712648770061812,0.09728642876029006,2.0484343220532506
5.478374481201172,0.0,-1.0,nan,nan,False,1.9448095406376702,-1.9290593753490997,-2.0400485924926306,-0.11712648770061812,0.09728642876029006,2.0484343220532506
5.529710531234741,0.0,-1.0,nan,nan,False,1.9448095406376702,-1.9290593753490997,-2.0400485924926306,-0.11712648770061812,0.09728642876029006,2.0484343220532506
5.581811428070068,0.0,-1.0,nan,nan,False,1.9448095406376702,-1.9290593753490997,-2.0400485924926306,-0.11712648770061812,0.09728642876029006,2.0484343220532506
5.634007692337036,0.0,-1.0,nan,nan,False,1.9448095406376702,-1.9290593753490997,-2.0400485924926306,-0.11712648770061812,0.09728642876029006,2.0484343220532506
5.6858673095703125,0.0,-1.0,nan,nan,False,1.9448095406376702,-1.9290593753490997,-2.0400485924926306,-0.11712648770061812,0.09728642876029006,2.0484343220532506
5.737874746322632,0.0,-1.0,nan,nan,False,1.9448095406376702,-1.9290593753490997,-2.0400485924926306,-0.11712648770061812,0.09728642876029006,2.0484343220532506
5.78951621055603,0.0,-1.0,nan,nan,False,1.9448095406376702,-1.9290593753490997,-2.0400485924926306,-0.11712648770061812,0.09728642876029006,2.0484343220532506
5.841241836547852,0.0,-1.0,nan,nan,False,1.9448095406376702,-1.9290593753490997,-2.0400485924926306,-0.11712648770061812,0.09728642876029006,2.0484343220532506
5.892565727233887,0.0,-1.0,nan,nan,False,1.9448095406376702,-1.9290593753490997,-2.0400485924926306,-0.11712648770061812,0.09728642876029006,2.0484343220532506
5.944213628768921,0.0,-1.0,nan,nan,False,1.9448095406376702,-1.9290593753490997,-2.0400485924926306,-0.11712648770061812,0.09728642876029006,2.0484343220532506
5.996282339096069,0.0,-1.0,nan,nan,False,1.9448095406376702,-1.9290593753490997,-2.0400485924926306,-0.11712648770061812,0.09728642876029006,2.0484343220532506
